key,name,name_ko,address,latitude,longitude,category,description,source_status,source_url,collected_at,collected_by,is_active,_keep,_rank,_area_m2,_dist_m,_permit_year,_phone,_lot_address
,,경복궁서교점(주)엔타스,서울특별시 마포구 월드컵북로 37 (서교동),37.557625,126.918174,Korean - 한식,,public_data,https://www.localdata.go.kr/,2026-08-17,hanjoon,true,,1,846.24,650,1999,02-3143-7071,서울특별시 마포구 서교동 449-13
,,노이즈베이스먼트투(nb2),"서울특별시 마포구 와우산로 72, 지하1~2층 (서교동)",37.550855,126.923517,Korean - 한식,,public_data,https://www.localdata.go.kr/,2026-08-17,hanjoon,true,,2,516.94,684,2017,,서울특별시 마포구 서교동 361-10 지하1~2층
,,토끼정,"서울특별시 마포구 잔다리로2길 13, 지1층,1층,2층,3층 (서교동)",37.551714,126.920684,Korean - 한식,,public_data,https://www.localdata.go.kr/,2026-08-17,hanjoon,true,,3,457.56,693,2016,,서울특별시 마포구 서교동 366-4
,,소담촌(홍대서교점),"서울특별시 마포구 월드컵북로5길 12, 도경빌딩 1층 (서교동)",37.557407,126.917918,Korean - 한식,,public_data,https://www.localdata.go.kr/,2026-08-17,hanjoon,true,,4,389.35,677,2024,,서울특별시 마포구 서교동 449-26 도경빌딩
,,오다리집&대장금,"서울특별시 마포구 잔다리로6길 36, 동천빌딩 2,3층 (서교동)",37.552233,126.921207,Korean - 한식,,public_data,https://www.localdata.go.kr/,2026-08-17,hanjoon,true,,5,384.16,613,2025,,서울특별시 마포구 서교동 366-1 동천빌딩
,,김앤김대게,"서울특별시 마포구 양화로 100 (서교동, 3층)",37.552675,126.918728,Korean - 한식,,public_data,https://www.localdata.go.kr/,2026-08-17,hanjoon,true,,6,353.38,757,2006,,서울특별시 마포구 서교동 372-1
,,송가네감자탕,"서울특별시 마포구 동교로 245, 지1, 1층,2층 (연남동)",37.561996,126.923936,Korean - 한식,,public_data,https://www.localdata.go.kr/,2026-08-17,hanjoon,true,,7,318.42,555,2020,,서울특별시 마포구 연남동 258-10
,,도깨비집 홍대,"서울특별시 마포구 와우산로 71, 1,2층 (서교동)",37.550883,126.922852,Korean - 한식,,public_data,https://www.localdata.go.kr/,2026-08-17,hanjoon,true,,8,314.2,691,2026,,서울특별시 마포구 서교동 363-2
,,푸주옥,"서울특별시 마포구 월드컵북로 35, 1층 (서교동)",37.55748,126.918308,Korean - 한식,,public_data,https://www.localdata.go.kr/,2026-08-17,hanjoon,true,,9,307.18,634,2025,,서울특별시 마포구 서교동 449-14
,,푸주옥,"서울특별시 마포구 월드컵북로 35, 1층 (서교동)",37.55748,126.918308,Korean - 한식,,public_data,https://www.localdata.go.kr/,2026-08-17,hanjoon,true,,10,307.18,634,2025,,서울특별시 마포구 서교동 449-14
,,추파,"서울특별시 마포구 홍익로3길 44, 호곡빌딩 4층 (서교동)",37.552632,126.921397,Korean - 한식,,public_data,https://www.localdata.go.kr/,2026-08-17,hanjoon,true,,11,306.72,564,2023,,서울특별시 마포구 서교동 369-4 호곡빌딩
,,강강술래홍대점,"서울특별시 마포구 잔다리로6길 25, 재륜빌딩 지상1층 (서교동)",37.55238,126.920482,Korean - 한식,,public_data,https://www.localdata.go.kr/,2026-08-17,hanjoon,true,,12,306.11,645,2012,,서울특별시 마포구 서교동 369-10 재륜빌딩
,,시선 홍대점,"서울특별시 마포구 와우산로17길 6 (서교동, (1~2층))",37.550271,126.922667,Korean - 한식,,public_data,https://www.localdata.go.kr/,2026-08-17,hanjoon,true,,13,258.29,761,2010,,서울특별시 마포구 서교동 407-4
,,하와이조개,"서울특별시 마포구 와우산로21길 19-8, 태경빌딩 지하1층 (서교동)",37.552077,126.922676,Korean - 한식,,public_data,https://www.localdata.go.kr/,2026-08-17,hanjoon,true,,14,255.68,566,2022,,서울특별시 마포구 서교동 364-2 태경빌딩
,,일편장어,"서울특별시 마포구 양화로16길 15, 무광빌딩 2층 201호 (서교동)",37.553296,126.92066,Korean - 한식,,public_data,https://www.localdata.go.kr/,2026-08-17,hanjoon,true,,15,253.66,554,2024,,서울특별시 마포구 서교동 355-15 무광빌딩
,,강남 돼지상회 무한리필 홍대점,"서울특별시 마포구 홍익로5안길 28, 1층 101호 (서교동)",37.553669,126.921148,Korean - 한식,,public_data,https://www.localdata.go.kr/,2026-08-17,hanjoon,true,,16,248.73,487,2015,,서울특별시 마포구 서교동 355-28 1층 101호
,,우물집,"서울특별시 마포구 와우산로29마길 8, 1,2,3,4층 (서교동)",37.555749,126.926636,Korean - 한식,,public_data,https://www.localdata.go.kr/,2026-08-17,hanjoon,true,,17,248.0,324,2023,,서울특별시 마포구 서교동 332-6
,,돈수백,"서울특별시 마포구 홍익로6길 74, 1,2층 (동교동)",37.556929,126.925275,Korean - 한식,,public_data,https://www.localdata.go.kr/,2026-08-17,hanjoon,true,,18,241.84,142,2003,,서울특별시 마포구 동교동 168-3
,,팔로우,"서울특별시 마포구 와우산로 67, 지하2층 (서교동)",37.550554,126.922843,Korean - 한식,,public_data,https://www.localdata.go.kr/,2026-08-17,hanjoon,true,,19,234.39,727,2022,,서울특별시 마포구 서교동 407-1
,,오키도키 2호점,"서울특별시 마포구 와우산로17길 14, 2층 (서교동)",37.550351,126.922141,Korean - 한식,,public_data,https://www.localdata.go.kr/,2026-08-17,hanjoon,true,,20,219.99,766,2023,,서울특별시 마포구 서교동 407-12
jokbal_yasijang,Jokbal Yasijang & Mucheong Gamjatang,족발야시장&무청감자탕 홍대점,"서울특별시 마포구 잔다리로 14, 2층 (서교동)",37.551059,126.921647,Korean - Jokbal & Bossam,,public_data,https://www.localdata.go.kr/,2026-08-17,hanjoon,true,y,21,215.48,709,2023,,서울특별시 마포구 서교동 363-14
,,족발야시장&무청감자탕 홍대점,"서울특별시 마포구 잔다리로 14, 2층 (서교동)",37.551059,126.921647,Korean - 한식,,public_data,https://www.localdata.go.kr/,2026-08-17,hanjoon,true,,22,215.48,709,2023,,서울특별시 마포구 서교동 363-14
,,오키도키 1호점,"서울특별시 마포구 와우산로17길 15, 서교동빌딩 2층 (서교동)",37.550056,126.922111,Korean - 한식,,public_data,https://www.localdata.go.kr/,2026-08-17,hanjoon,true,,23,207.45,799,2025,,서울특별시 마포구 서교동 409-1 서교동빌딩
,,(주)21세기바다수산,"서울특별시 마포구 동교로 173, 1,2층 (동교동)",37.556363,126.920981,Korean - 한식,,public_data,https://www.localdata.go.kr/,2026-08-17,hanjoon,true,,24,206.5,342,2018,,서울특별시 마포구 동교동 206-5
,,교동집,"서울특별시 마포구 동교로 208 (동교동,1,2층)",37.558519,126.923635,Korean - 한식,,public_data,https://www.localdata.go.kr/,2026-08-17,hanjoon,true,,25,206.46,173,2004,023373663,"서울특별시 마포구 동교동 153-8 1,2층"
,,홍대게장집,"서울특별시 마포구 홍익로5길 31, 2층 (서교동)",37.553639,126.920931,Korean - 한식,,public_data,https://www.localdata.go.kr/,2026-08-17,hanjoon,true,,26,195.62,505,2026,,서울특별시 마포구 서교동 355-29
,,홍대게장집,"서울특별시 마포구 홍익로5길 31, 2층 (서교동)",37.553639,126.920931,Korean - 한식,,public_data,https://www.localdata.go.kr/,2026-08-17,hanjoon,true,,27,195.62,505,2026,,서울특별시 마포구 서교동 355-29
,,칼누들바 홍대점,"서울특별시 마포구 잔다리로 14, 1층 (서교동)",37.551059,126.921647,Korean - 한식,,public_data,https://www.localdata.go.kr/,2026-08-17,hanjoon,true,,28,183.32,709,2023,,서울특별시 마포구 서교동 363-14
,,라밤바,"서울특별시 마포구 와우산로19길 5 (서교동, 1층, 지하1층)",37.551018,126.922794,Korean - 한식,,public_data,https://www.localdata.go.kr/,2026-08-17,hanjoon,true,,29,182.8,677,2009,02-336-6789,서울특별시 마포구 서교동 363-4
hallyu_samgyetang,Hallyu Samgyetang,한류삼계탕,"서울특별시 마포구 와우산로 151, 지1층 (서교동)",37.554673,126.929751,Korean - Samgyetang,,public_data,https://www.localdata.go.kr/,2026-08-17,hanjoon,true,y,30,181.67,689,2023,,서울특별시 마포구 서교동 327-14
,,수정옥돌 生 소금구이,"서울특별시 마포구 동교로23길 21, 1층 (동교동)",37.55692,126.92027,Korean - 한식,,public_data,https://www.localdata.go.kr/,2026-08-17,hanjoon,true,,31,181.2,414,2026,,서울특별시 마포구 동교동 205-8
,,게판,"서울특별시 마포구 잔다리로 6, 1층 (서교동)",37.550921,126.922529,Korean - 한식,,public_data,https://www.localdata.go.kr/,2026-08-17,hanjoon,true,,32,178.27,694,2025,,서울특별시 마포구 서교동 363-5
,,엉터리생고기무한리필(홍대점),"서울특별시 마포구 어울마당로 118 (서교동, 2층)",37.555056,126.923458,Korean - 한식,,public_data,https://www.localdata.go.kr/,2026-08-17,hanjoon,true,,33,171.95,224,2012,,서울특별시 마포구 서교동 345-2
,,주막,"서울특별시 마포구 동교로23길 64, 1층 (연남동)",37.558566,126.918947,Korean - 한식,,public_data,https://www.localdata.go.kr/,2026-08-17,hanjoon,true,,34,171.36,587,2018,,서울특별시 마포구 연남동 570-1
,,백년백세,"서울특별시 마포구 양화로 118, 1층동 (서교동)",37.553825,126.920217,Korean - 한식,,public_data,https://www.localdata.go.kr/,2026-08-17,hanjoon,true,,35,169.55,548,1994,02-325-3399,서울특별시 마포구 서교동 354-12 1층동
,,홍대 교도리,"서울특별시 마포구 와우산로 77, 1층 (서교동)",37.551376,126.92305,Korean - 한식,,public_data,https://www.localdata.go.kr/,2026-08-17,hanjoon,true,,36,165.25,633,2024,,서울특별시 마포구 서교동 362-6
,,한우다움 홍대본점,"서울특별시 마포구 양화로16길 34, 2,3층 (서교동)",37.552873,126.921331,Korean - 한식,,public_data,https://www.localdata.go.kr/,2026-08-17,hanjoon,true,,37,160.47,546,2026,,서울특별시 마포구 서교동 369-41
,,만족오향족발(홍대역점),"서울특별시 마포구 동교로 191 (동교동,외1필지)",37.557602,126.922413,Korean - 한식,,public_data,https://www.localdata.go.kr/,2026-08-17,hanjoon,true,,38,158.68,188,2001,02-335-3487,서울특별시 마포구 동교동 200-30 외1필지
,,파이널나인 서울홍대점,"서울특별시 마포구 잔다리로 8, 화진빌딩 3층 (서교동)",37.550901,126.922274,Korean - 한식,,public_data,https://www.localdata.go.kr/,2026-08-17,hanjoon,true,,39,157.68,704,2021,,서울특별시 마포구 서교동 363-6 화진빌딩
,,일심장어 주식회사,"서울특별시 마포구 동교로 219, 1층 (동교동)",37.55967,126.923523,Korean - 한식,,public_data,https://www.localdata.go.kr/,2026-08-17,hanjoon,true,,40,157.56,301,2017,,서울특별시 마포구 동교동 198-31
,,쌥 이리,"서울특별시 마포구 월드컵북로2길 25, 1층 (동교동)",37.556473,126.922095,Korean - 한식,,public_data,https://www.localdata.go.kr/,2026-08-17,hanjoon,true,,41,155.09,219,2010,02-6376-0999,서울특별시 마포구 동교동 161-15
,,신선화로(홍대점),"서울특별시 마포구 어울마당로 136-2 (서교동,1,2층)",37.555906,126.925073,Korean - 한식,,public_data,https://www.localdata.go.kr/,2026-08-17,hanjoon,true,,42,155.0,170,2004,02-324-9858,"서울특별시 마포구 서교동 347-29 1,2층"
,,복이 있는 달(복달),"서울특별시 마포구 잔다리로 8-6, 1층 (서교동)",37.551041,126.92228,Korean - 한식,,public_data,https://www.localdata.go.kr/,2026-08-17,hanjoon,true,,43,154.81,688,2025,,서울특별시 마포구 서교동 363-7
,,옥돈 홍대점,"서울특별시 마포구 양화로 99, 1층 102호 (서교동)",37.553058,126.918217,Korean - 한식,,public_data,https://www.localdata.go.kr/,2026-08-17,hanjoon,true,,44,154.0,777,2023,,서울특별시 마포구 서교동 374-10
,,이대조 뼈다귀,"서울특별시 마포구 동교로 196, 1층 (동교동)",37.557486,126.922963,Korean - 한식,,public_data,https://www.localdata.go.kr/,2026-08-17,hanjoon,true,,45,153.0,127,2003,0231436638,서울특별시 마포구 동교동 158-20
,,숙성소곱창간장게장 무한곱게,"서울특별시 마포구 홍익로5안길 36, 지엘빌딩 1층 (서교동)",37.553313,126.920874,Korean - 한식,,public_data,https://www.localdata.go.kr/,2026-08-17,hanjoon,true,,46,152.85,537,2025,,서울특별시 마포구 서교동 355-8 지엘빌딩
,,오일내 홍대점,"서울특별시 마포구 어울마당로 70 (서교동, 서포빌딩 지상1층)",37.551399,126.921569,Korean - 한식,,public_data,https://www.localdata.go.kr/,2026-08-17,hanjoon,true,,47,150.29,678,2014,,서울특별시 마포구 서교동 364-15 서포빌딩 지상1층
,,보승회관,"서울특별시 마포구 동교로 192 (동교동, 1층)",37.557183,126.922629,Korean - 한식,,public_data,https://www.localdata.go.kr/,2026-08-17,hanjoon,true,,48,149.8,154,2012,,서울특별시 마포구 동교동 158-28
,,무쇠김치삼겹,"서울특별시 마포구 와우산로21길 20-5 (서교동, 1층일부)",37.552645,126.922679,Korean - 한식,,public_data,https://www.localdata.go.kr/,2026-08-17,hanjoon,true,,49,149.12,505,2017,,서울특별시 마포구 서교동 358-123
,,청기와갈비,"서울특별시 마포구 동교로 188-1 (동교동, 1층)",37.556995,126.922369,Korean - 한식,,public_data,https://www.localdata.go.kr/,2026-08-17,hanjoon,true,,50,148.0,181,2010,,서울특별시 마포구 동교동 158-11
yukjeon_gukbap_seogyo,Yukjeon Gukbap (Seogyo),육전국밥 서교점,"서울특별시 마포구 월드컵북로 9-1, 1층 (서교동)",37.55578,126.9204,Korean - Soup & Rice,,public_data,https://www.localdata.go.kr/,2026-08-17,hanjoon,true,y,51,148.0,422,2024,,서울특별시 마포구 서교동 351-1
,,(주)도마 (홍대본점),"서울특별시 마포구 양화로16길 33 (서교동, 1층 일부)",37.55312,126.921434,Korean - 한식,,public_data,https://www.localdata.go.kr/,2026-08-17,hanjoon,true,,52,144.0,516,2012,,서울특별시 마포구 서교동 357-3
,,오복솥뚜껑 홍대점,"서울특별시 마포구 잔다리로6길 35 (서교동,1층)",37.552475,126.921107,Korean - 한식,,public_data,https://www.localdata.go.kr/,2026-08-17,hanjoon,true,,53,144.0,596,2003,,서울특별시 마포구 서교동 369-7 1층
,,옹다래찜닭.디저트,"서울특별시 마포구 양화로 122 (서교동, 1층 일부)",37.554089,126.920575,Korean - 한식,,public_data,https://www.localdata.go.kr/,2026-08-17,hanjoon,true,,54,141.94,499,2013,,서울특별시 마포구 서교동 354-8
gamnamujip_gisa_sikdang,Gamnamujip Gisa Sikdang,감나무집기사식당,"서울특별시 마포구 연남로 23, 1층 (연남동)",37.561733,126.922075,Korean - Home cooking,,public_data,https://www.localdata.go.kr/,2026-08-17,hanjoon,true,y,55,139.09,567,2017,,서울특별시 마포구 연남동 515-20
,,바다회사랑,"서울특별시 마포구 동교로 143 (서교동, 2층)",37.555513,126.91776,Korean - 한식,,public_data,https://www.localdata.go.kr/,2026-08-17,hanjoon,true,,56,139.09,712,2013,,서울특별시 마포구 서교동 461-25
,,육산장,"서울특별시 마포구 와우산로21길 31-11, 1층 (서교동)",37.55198,126.922097,Korean - 한식,,public_data,https://www.localdata.go.kr/,2026-08-17,hanjoon,true,,57,138.43,596,2022,,서울특별시 마포구 서교동 364-28
,,엑스엑스,"서울특별시 마포구 잔다리로 9, 지하1층 (서교동)",37.55058,126.921973,Korean - 한식,,public_data,https://www.localdata.go.kr/,2026-08-17,hanjoon,true,,58,136.08,747,2016,02-336-9294,서울특별시 마포구 서교동 407-25 지하1층
,,들풀,"서울특별시 마포구 동교로 156-5 (서교동, 1층)",37.555476,126.919773,Korean - 한식,,public_data,https://www.localdata.go.kr/,2026-08-17,hanjoon,true,,59,134.98,499,2012,,서울특별시 마포구 서교동 351-16
,,오복솥뚜껑 홍대반가2호점,"서울특별시 마포구 어울마당로 116, 2층 (서교동)",37.55494,126.923328,Korean - 한식,,public_data,https://www.localdata.go.kr/,2026-08-17,hanjoon,true,,60,132.09,241,2008,02-326-2001,서울특별시 마포구 서교동 345-6
jeju_eunhuine_haejangguk,Jeju Eunhuine Haejangguk (Hongdae),제주은희네해장국홍대점,"서울특별시 마포구 월드컵북로 43, 1층 (서교동)",37.558053,126.917836,Korean - Haejangguk,,public_data,https://www.localdata.go.kr/,2026-08-17,hanjoon,true,y,61,132.0,694,2017,,서울특별시 마포구 서교동 449-6 1층
,,제주은희네해장국홍대점,"서울특별시 마포구 월드컵북로 43, 1층 (서교동)",37.558053,126.917836,Korean - 한식,,public_data,https://www.localdata.go.kr/,2026-08-17,hanjoon,true,,62,132.0,694,2017,,서울특별시 마포구 서교동 449-6 1층
,,페어링(PAIRING),"서울특별시 마포구 와우산로 77, 나강빌딩 5층 (서교동)",37.551376,126.92305,Korean - 한식,,public_data,https://www.localdata.go.kr/,2026-08-17,hanjoon,true,,63,131.9,633,2026,,서울특별시 마포구 서교동 362-6 나강빌딩
,,육전국밥 홍대점,"서울특별시 마포구 어울마당로 140, 1층 (서교동)",37.556119,126.925613,Korean - 한식,,public_data,https://www.localdata.go.kr/,2026-08-17,hanjoon,true,,64,131.14,204,2023,,서울특별시 마포구 서교동 331-17
,,우깃,"서울특별시 마포구 와우산로21길 12-6, 1층 (서교동)",37.552729,126.92313,Korean - 한식,,public_data,https://www.localdata.go.kr/,2026-08-17,hanjoon,true,,65,130.75,484,2026,,서울특별시 마포구 서교동 358-92
,,설레임,"서울특별시 마포구 와우산로21길 12-6, 2층 (서교동)",37.552729,126.92313,Korean - 한식,,public_data,https://www.localdata.go.kr/,2026-08-17,hanjoon,true,,66,130.75,484,2015,,서울특별시 마포구 서교동 358-92 2층
,,이문어세상,"서울특별시 마포구 월드컵북로1길 30 (서교동, 1층일부)",37.554665,126.919633,Korean - 한식,,public_data,https://www.localdata.go.kr/,2026-08-17,hanjoon,true,,67,128.92,550,2015,,서울특별시 마포구 서교동 352-25 1층일부
,,빛과 소금,"서울특별시 마포구 동교로41길 32, 비브릭 1층 (연남동)",37.563752,126.923509,Korean - 한식,,public_data,https://www.localdata.go.kr/,2026-08-17,hanjoon,true,,68,128.69,752,2026,,서울특별시 마포구 연남동 239-44 비브릭
hongdae_dakgalbi,Hongdae Dakgalbi,홍대 닭갈비,"서울특별시 마포구 와우산로21길 31-10 (서교동,1층)",37.552094,126.921836,Korean - Dakgalbi,,public_data,https://www.localdata.go.kr/,2026-08-17,hanjoon,true,y,69,124.23,595,1995,,서울특별시 마포구 서교동 364-22 1층
,,유가네닭갈비,서울특별시 마포구 홍익로3길 32 (서교동),37.553086,126.921591,Korean - 한식,,public_data,https://www.localdata.go.kr/,2026-08-17,hanjoon,true,,70,124.1,510,2002,02-333-1475,서울특별시 마포구 서교동 357-2
,,이화 누룽지 삼계탕,"서울특별시 마포구 와우산로 137, 1층 101,2,3,4호 (서교동)",37.553864,126.928583,Korean - 한식,,public_data,https://www.localdata.go.kr/,2026-08-17,hanjoon,true,,71,124.1,616,2024,,서울특별시 마포구 서교동 337-27
,,대관령,"서울특별시 마포구 동교로 197 (동교동, 1층)",37.557919,126.922689,Korean - 한식,,public_data,https://www.localdata.go.kr/,2026-08-17,hanjoon,true,,72,123.48,178,2013,,서울특별시 마포구 동교동 200-27
,,포,"서울특별시 마포구 어울마당로 129-1 (동교동,1,2층)",37.556093,126.924281,Korean - 한식,,public_data,https://www.localdata.go.kr/,2026-08-17,hanjoon,true,,73,123.28,105,2002,02-2632-0090,"서울특별시 마포구 동교동 164-7 1,2층"
,,나스(NASSE),"서울특별시 마포구 와우산로19길 9, 1층 (서교동)",37.551128,126.922637,Korean - 한식,,public_data,https://www.localdata.go.kr/,2026-08-17,hanjoon,true,,74,123.21,669,2022,,서울특별시 마포구 서교동 363-24
,,우화,"서울특별시 마포구 홍익로5안길 24, 2층 (서교동)",37.553685,126.921443,Korean - 한식,,public_data,https://www.localdata.go.kr/,2026-08-17,hanjoon,true,,75,122.38,465,2024,,서울특별시 마포구 서교동 355-25
,,장작집,"서울특별시 마포구 월드컵북로6길 19, 1층 (연남동)",37.558329,126.91956,Korean - 한식,,public_data,https://www.localdata.go.kr/,2026-08-17,hanjoon,true,,76,122.04,514,2017,,서울특별시 마포구 연남동 570-38
,,클링크 플레이스(Clink place),"서울특별시 마포구 월드컵북로6길 60, 지1층 (동교동)",37.559274,126.921659,Korean - 한식,,public_data,https://www.localdata.go.kr/,2026-08-17,hanjoon,true,,77,121.51,362,2025,,서울특별시 마포구 동교동 204-57
,,슬런치팩토리 홍대점,"서울특별시 마포구 와우산로 94, 홍익대학교 아트앤디자인밸리 지1층 B116~119호 (상수동)",37.550726,126.925638,Korean - 한식,,public_data,https://www.localdata.go.kr/,2026-08-17,hanjoon,true,,78,121.1,720,2025,,서울특별시 마포구 상수동 72-1 홍익대학교
,,신마포갈매기,"서울특별시 마포구 홍익로5안길 14, 1층 (서교동)",37.554018,126.921832,Korean - 한식,,public_data,https://www.localdata.go.kr/,2026-08-17,hanjoon,true,,79,120.96,409,2006,,서울특별시 마포구 서교동 355-1
,,우주정거장,"서울특별시 마포구 와우산로29길 16 (서교동, 지하1층)",37.555036,126.929,Korean - 한식,,public_data,https://www.localdata.go.kr/,2026-08-17,hanjoon,true,,80,120.12,596,2017,,서울특별시 마포구 서교동 328-13
,,밥장인 돼지찌개,서울특별시 마포구 양화로18안길 16 (동교동),37.556718,126.925494,Korean - 한식,,public_data,https://www.localdata.go.kr/,2026-08-17,hanjoon,true,,81,119.4,169,2002,02-3144-3547,서울특별시 마포구 동교동 169-29 1층
jomadam_kalguksu,Jomadam Kalguksu (Hongdae),조마담칼국수 홍대직영점,"서울특별시 마포구 서강로9길 56, 송우빌딩 1층 102호 (창전동)",37.554541,126.93076,Korean - Noodles,,public_data,https://www.localdata.go.kr/,2026-08-17,hanjoon,true,y,82,119.34,798,2024,,서울특별시 마포구 창전동 5-137 송우빌딩
,,새마을식당 홍대서교점,"서울특별시 마포구 어울마당로 144, 1층 (서교동)",37.556176,126.925834,Korean - 한식,,public_data,https://www.localdata.go.kr/,2026-08-17,hanjoon,true,,83,119.04,223,1998,02-333-5152,서울특별시 마포구 서교동 331-18
,,핑크스플레이온(PINK'S Play On),"서울특별시 마포구 잔다리로6길 39, 3층 (서교동)",37.552446,126.921353,Korean - 한식,,public_data,https://www.localdata.go.kr/,2026-08-17,hanjoon,true,,84,118.44,585,2022,,서울특별시 마포구 서교동 369-5
,,송가네정육식당,"서울특별시 마포구 동교로19길 48 (서교동, 1층일부)",37.557503,126.917288,Korean - 한식,,public_data,https://www.localdata.go.kr/,2026-08-17,hanjoon,true,,85,115.5,747,2016,,서울특별시 마포구 서교동 449-30 1층일부
,,홍대 순대국,"서울특별시 마포구 월드컵북로2길 11, 1층 (동교동)",37.556109,126.921543,Korean - 한식,,public_data,https://www.localdata.go.kr/,2026-08-17,hanjoon,true,,86,115.0,290,2021,,서울특별시 마포구 동교동 161-5
,,풍년 한식,"서울특별시 마포구 신촌로2길 5-13, 1층 (동교동)",37.557879,126.928086,Korean - 한식,,public_data,https://www.localdata.go.kr/,2026-08-17,hanjoon,true,,87,114.68,464,2018,,서울특별시 마포구 동교동 174-8
,,스지큐,"서울특별시 마포구 와우산로15길 10 (서교동,지1층)",37.549957,126.922483,Korean - 한식,,public_data,https://www.localdata.go.kr/,2026-08-17,hanjoon,true,,88,114.0,800,2008,023389929,서울특별시 마포구 서교동 410-3 지1층
,,알찬밥집,"서울특별시 마포구 양화로 140 (동교동, 남강빌딩,지1층)",37.555071,126.921972,Korean - 한식,,public_data,https://www.localdata.go.kr/,2026-08-17,hanjoon,true,,89,113.6,311,2015,,"서울특별시 마포구 동교동 162-4 외2필지 남강빌딩,지1층"
,,헤이쥬(HeyJoo),"서울특별시 마포구 양화로 100-13, 지하1층 (서교동)",37.552518,126.919334,Korean - 한식,,public_data,https://www.localdata.go.kr/,2026-08-17,hanjoon,true,,90,113.34,718,2018,,서울특별시 마포구 서교동 370-18
,,시골순대,"서울특별시 마포구 월드컵북로1길 50 (서교동, 1층일부)",37.554125,126.918786,Korean - 한식,,public_data,https://www.localdata.go.kr/,2026-08-17,hanjoon,true,,91,112.87,661,2016,02-337-1123,서울특별시 마포구 서교동 375-5 1층일부
hongdae_budae_jjigae,Hongdae Budae Jjigae,홍대 부대찌개,"서울특별시 마포구 홍익로5안길 34, 1층 전체호 (서교동)",37.553365,126.921039,Korean - Stew,,public_data,https://www.localdata.go.kr/,2026-08-17,hanjoon,true,y,92,112.3,520,2024,,서울특별시 마포구 서교동 355-6
,,하입,"서울특별시 마포구 양화로16길 30-5, 3층 (서교동)",37.552758,126.921237,Korean - 한식,,public_data,https://www.localdata.go.kr/,2026-08-17,hanjoon,true,,93,111.9,562,2025,,서울특별시 마포구 서교동 369-42
,,맵돌집,"서울특별시 마포구 동교로 155, 한백빌딩 지1층 (서교동)",37.555741,126.919072,Korean - 한식,,public_data,https://www.localdata.go.kr/,2026-08-17,hanjoon,true,,94,111.86,565,2025,,서울특별시 마포구 서교동 446-6 한백빌딩
,,유메오뎅 홍대,"서울특별시 마포구 와우산로 75, 1층 (서교동)",37.551263,126.923016,Korean - 한식,,public_data,https://www.localdata.go.kr/,2026-08-17,hanjoon,true,,95,111.14,646,2025,,서울특별시 마포구 서교동 362-7
,,에그썸,"서울특별시 마포구 와우산로18길 30, 1층 (서교동)",37.551465,126.92407,Korean - 한식,,public_data,https://www.localdata.go.kr/,2026-08-17,hanjoon,true,,96,110.84,614,2025,,서울특별시 마포구 서교동 360-14
,,샤브로21 홍대,"서울특별시 마포구 와우산로27길 28, 1층 (서교동)",37.554492,126.926932,Korean - 한식,,public_data,https://www.localdata.go.kr/,2026-08-17,hanjoon,true,,97,110.43,428,2026,,서울특별시 마포구 서교동 334-14
,,좋아해닭발1,"서울특별시 마포구 와우산로 107, 1층 (서교동)",37.553452,126.925281,Korean - 한식,,public_data,https://www.localdata.go.kr/,2026-08-17,hanjoon,true,,98,109.62,419,2005,,서울특별시 마포구 서교동 343-6
,,프레퍼스 다이어트 푸드 홍대직영점,"서울특별시 마포구 홍익로 25, 지1층 일부호 (서교동)",37.554436,126.922117,Korean - 한식,,public_data,https://www.localdata.go.kr/,2026-08-17,hanjoon,true,,99,108.75,353,2024,,서울특별시 마포구 서교동 356-1
,,광야,"서울특별시 마포구 월드컵북로4길 82, 신흥빌딩 1층 (동교동)",37.559341,126.923129,Korean - 한식,,public_data,https://www.localdata.go.kr/,2026-08-17,hanjoon,true,,100,107.82,277,2018,02-324-4160,서울특별시 마포구 동교동 198-5 신흥빌딩
,,보승회관 홍대점,"서울특별시 마포구 와우산로19길 15, 우준빌딩 1층 (서교동)",37.551175,126.922267,Korean - 한식,,public_data,https://www.localdata.go.kr/,2026-08-17,hanjoon,true,,101,107.58,675,2023,,서울특별시 마포구 서교동 363-22 우준빌딩
,,에이치제이(HJ)팔레트2,"서울특별시 마포구 어울마당로 139, 지1,1층 (동교동)",37.556453,126.925364,Korean - 한식,,public_data,https://www.localdata.go.kr/,2026-08-17,hanjoon,true,,102,106.36,163,2021,,서울특별시 마포구 동교동 169-9
,,바다나라,서울특별시 마포구 어울마당로 143 (동교동),37.55658,126.925699,Korean - 한식,,public_data,https://www.localdata.go.kr/,2026-08-17,hanjoon,true,,103,106.21,194,2001,023347739,서울특별시 마포구 동교동 169-6
,,매드족발 홍대본점,"서울특별시 마포구 월드컵북로1길 26-7, 1층 (서교동)",37.554781,126.919496,Korean - 한식,,public_data,https://www.localdata.go.kr/,2026-08-17,hanjoon,true,,104,105.4,557,2026,,서울특별시 마포구 서교동 352-23
,,조선화로구이,"서울특별시 마포구 월드컵북로 5 (서교동, 1층)",37.555519,126.920799,Korean - 한식,,public_data,https://www.localdata.go.kr/,2026-08-17,hanjoon,true,,105,104.6,392,2003,02-3143-1300,서울특별시 마포구 서교동 351-18
,,조선화로구이,"서울특별시 마포구 월드컵북로 5 (서교동, 1층)",37.555519,126.920799,Korean - 한식,,public_data,https://www.localdata.go.kr/,2026-08-17,hanjoon,true,,106,104.6,392,2003,02-3143-1300,서울특별시 마포구 서교동 351-18
,,주섬주섬,"서울특별시 마포구 와우산로21길 36-12 (서교동, 지층)",37.552964,126.922117,Korean - 한식,,public_data,https://www.localdata.go.kr/,2026-08-17,hanjoon,true,,107,104.12,494,2011,,서울특별시 마포구 서교동 358-136
,,원할머니보쌈홍대역점,"서울특별시 마포구 양화로 186, LC TOWER 지1층 B104호 (동교동)",37.557671,126.925904,Korean - 한식,,public_data,https://www.localdata.go.kr/,2026-08-17,hanjoon,true,,108,103.68,224,2017,,서울특별시 마포구 동교동 167-2 LC TOWER
,,붉은낙타,"서울특별시 마포구 잔다리로 20-11, 1층 (서교동)",37.551316,126.920717,Korean - 한식,,public_data,https://www.localdata.go.kr/,2026-08-17,hanjoon,true,,109,102.9,729,2022,,서울특별시 마포구 서교동 367-15
,,새숯가,"서울특별시 마포구 동교로25길 49, 1층 (연남동)",37.558866,126.920271,Korean - 한식,,public_data,https://www.localdata.go.kr/,2026-08-17,hanjoon,true,,110,102.28,463,2023,,서울특별시 마포구 연남동 570-27
,,낙경,"서울특별시 마포구 잔다리로2길 7, S368빌딩 1층 (서교동)",37.551545,126.920373,Korean - 한식,,public_data,https://www.localdata.go.kr/,2026-08-17,hanjoon,true,,111,102.25,727,2023,,서울특별시 마포구 서교동 368-12 S368빌딩
,,양인환대 홍대점,"서울특별시 마포구 와우산로29가길 86, 파티오 1층 (서교동)",37.553744,126.924758,Korean - 한식,,public_data,https://www.localdata.go.kr/,2026-08-17,hanjoon,true,,112,102.09,371,2025,,서울특별시 마포구 서교동 342-11 파티오
,,수풀림 서교점,"서울특별시 마포구 와우산로18길 16, 1층 (서교동)",37.550909,126.923891,Korean - 한식,,public_data,https://www.localdata.go.kr/,2026-08-17,hanjoon,true,,113,101.79,676,2015,02-3144-6806,서울특별시 마포구 서교동 360-19 1층
,,강수곱창,"서울특별시 마포구 와우산로21길 36-12, 1층 (서교동)",37.552964,126.922117,Korean - 한식,,public_data,https://www.localdata.go.kr/,2026-08-17,hanjoon,true,,114,100.0,494,2011,,서울특별시 마포구 서교동 358-136
,,섬소년 자연주의,"서울특별시 마포구 월드컵북로6길 12, 지상1층 101호 (동교동)",37.557816,126.919625,Korean - 한식,,public_data,https://www.localdata.go.kr/,2026-08-17,hanjoon,true,,115,100.0,494,2018,,서울특별시 마포구 동교동 203-10
,,도온정 홍대직영점,"서울특별시 마포구 동교로 183-12, 노호빌딩 1층 (동교동)",37.557434,126.921414,Korean - 한식,,public_data,https://www.localdata.go.kr/,2026-08-17,hanjoon,true,,116,99.96,291,2025,,서울특별시 마포구 동교동 201-49 노호빌딩
,,교동집2,"서울특별시 마포구 동교로 208 (동교동,3층)",37.558519,126.923635,Korean - 한식,,public_data,https://www.localdata.go.kr/,2026-08-17,hanjoon,true,,117,99.63,173,2009,02-337-3663,서울특별시 마포구 동교동 153-8 3층
boss_gimbap,Boss Gimbap (Yeontral Park),보스김밥 연트럴파크점,"서울특별시 마포구 성미산로 138, 1층 (연남동)",37.563483,126.922002,Korean - Gimbap & Snacks,,public_data,https://www.localdata.go.kr/,2026-08-17,hanjoon,true,y,118,99.1,753,2025,,서울특별시 마포구 연남동 252-13
,,목구멍 홍대입구역점,"서울특별시 마포구 월드컵북로4길 8 (동교동, 1층)",37.556728,126.92048,Korean - 한식,,public_data,https://www.localdata.go.kr/,2026-08-17,hanjoon,true,,119,99.0,392,2010,,서울특별시 마포구 동교동 206-3
,,커넥션(connection),"서울특별시 마포구 와우산로19길 15, 우준빌딩 4층 (서교동)",37.551175,126.922267,Korean - 한식,,public_data,https://www.localdata.go.kr/,2026-08-17,hanjoon,true,,120,98.84,675,2024,,서울특별시 마포구 서교동 363-22 우준빌딩
,,마포구이마당 서교직영점,"서울특별시 마포구 월드컵북로 49, 1층 (서교동)",37.558568,126.917422,Korean - 한식,,public_data,https://www.localdata.go.kr/,2026-08-17,hanjoon,true,,121,98.0,751,2020,,서울특별시 마포구 서교동 247-14
,,플랜비(PLAN B),"서울특별시 마포구 월드컵북로4길 57, 1층 (동교동)",37.558629,126.922036,Korean - 한식,,public_data,https://www.localdata.go.kr/,2026-08-17,hanjoon,true,,122,97.98,283,2015,,서울특별시 마포구 동교동 204-32 1층
,,서교동고기집,"서울특별시 마포구 어울마당로 155-1, 완빌딩 3층 (동교동)",37.556931,126.927089,Korean - 한식,,public_data,https://www.localdata.go.kr/,2026-08-17,hanjoon,true,,123,97.0,343,2009,,서울특별시 마포구 동교동 170-38 완빌딩
,,부엉이산장 홍대점2,"서울특별시 마포구 잔다리로 9, 3층 (서교동)",37.55058,126.921973,Korean - 한식,,public_data,https://www.localdata.go.kr/,2026-08-17,hanjoon,true,,124,97.0,747,2014,,서울특별시 마포구 서교동 407-25
,,레이블,"서울특별시 마포구 와우산로19길 6-11, 3층 (서교동)",37.551754,126.922865,Korean - 한식,,public_data,https://www.localdata.go.kr/,2026-08-17,hanjoon,true,,125,96.5,596,2024,,서울특별시 마포구 서교동 362-14
,,홍익닭한마리,"서울특별시 마포구 와우산로29라길 20, 2층 (서교동)",37.555048,126.926817,Korean - 한식,,public_data,https://www.localdata.go.kr/,2026-08-17,hanjoon,true,,126,96.32,380,2015,,서울특별시 마포구 서교동 333-13 2층
nokwon_ssambap,Nokwon Ssambap,녹원쌈밥,"서울특별시 마포구 동교로27길 102, 1층 (연남동)",37.561962,126.91967,Korean - Ssambap,,public_data,https://www.localdata.go.kr/,2026-08-17,hanjoon,true,y,127,96.2,731,2021,,서울특별시 마포구 연남동 504-39
,,주신당 홍대,"서울특별시 마포구 와우산로21길 19-11, 2층 일부호 (서교동)",37.551863,126.922931,Korean - 한식,,public_data,https://www.localdata.go.kr/,2026-08-17,hanjoon,true,,128,96.06,582,2025,,서울특별시 마포구 서교동 362-15
,,주식회사 꾼컴퍼니,"서울특별시 마포구 홍익로3길 36 (서교동, 4층일부)",37.552836,126.921493,Korean - 한식,,public_data,https://www.localdata.go.kr/,2026-08-17,hanjoon,true,,129,95.79,539,2015,,서울특별시 마포구 서교동 369-44 4층일부
,,주식회사 반가(오복솥뚜껑 홍대반가점),"서울특별시 마포구 어울마당로 116, 1층 (서교동)",37.55494,126.923328,Korean - 한식,,public_data,https://www.localdata.go.kr/,2026-08-17,hanjoon,true,,130,95.55,241,2024,,서울특별시 마포구 서교동 345-6
,,고기꾼김춘배 홍대본점,"서울특별시 마포구 홍익로3길 36 (서교동, 3층일부)",37.552836,126.921493,Korean - 한식,,public_data,https://www.localdata.go.kr/,2026-08-17,hanjoon,true,,131,95.33,539,2015,,서울특별시 마포구 서교동 369-44 3층일부
,,아비꼬 홍대2호점,"서울특별시 마포구 홍익로5안길 20 (서교동,1층)",37.553805,126.921573,Korean - 한식,,public_data,https://www.localdata.go.kr/,2026-08-17,hanjoon,true,,132,95.0,445,2008,,서울특별시 마포구 서교동 355-34 1층
,,연남선샤인,"서울특별시 마포구 연희로 39, 4층 일부호 (연남동)",37.56241,126.927269,Korean - 한식,,public_data,https://www.localdata.go.kr/,2026-08-17,hanjoon,true,,133,95.0,702,2024,,서울특별시 마포구 연남동 226-14
,,칸스 다이닝 연남본점,"서울특별시 마포구 동교로 265, 2층 (연남동)",37.563375,126.925263,Korean - 한식,,public_data,https://www.localdata.go.kr/,2026-08-17,hanjoon,true,,134,95.0,721,2022,,서울특별시 마포구 연남동 229-10
,,백년토종삼계탕 별관,서울특별시 마포구 양화로16길 10 (서교동),37.553493,126.920245,Korean - 한식,,public_data,https://www.localdata.go.kr/,2026-08-17,hanjoon,true,,135,94.44,570,1990,,서울특별시 마포구 서교동 371-4
,,어스(US),"서울특별시 마포구 와우산로21길 31, A동 6층 (서교동)",37.552259,126.922121,Korean - 한식,,public_data,https://www.localdata.go.kr/,2026-08-17,hanjoon,true,,136,94.2,566,2023,,서울특별시 마포구 서교동 364-26
,,부산집 홍대,"서울특별시 마포구 어울마당로 100-6, 2층 (서교동)",37.553686,126.922475,Korean - 한식,,public_data,https://www.localdata.go.kr/,2026-08-17,hanjoon,true,,137,94.05,405,2024,,서울특별시 마포구 서교동 358-8
,,춘타운 홍대점 1호점,"서울특별시 마포구 잔다리로 10 (서교동, 1층일부)",37.550907,126.922022,Korean - 한식,,public_data,https://www.localdata.go.kr/,2026-08-17,hanjoon,true,,138,93.26,711,2017,,서울특별시 마포구 서교동 363-9
,,김장독,"서울특별시 마포구 양화로18길 9 (동교동,1층)",37.556792,126.924707,Korean - 한식,,public_data,https://www.localdata.go.kr/,2026-08-17,hanjoon,true,,139,92.6,82,2006,02-333-6301,서울특별시 마포구 동교동 166-11 1층
,,미공방,"서울특별시 마포구 동교로 174, 1층 (동교동)",37.556049,126.92125,Korean - 한식,,public_data,https://www.localdata.go.kr/,2026-08-17,hanjoon,true,,140,92.0,323,2023,,서울특별시 마포구 동교동 161-7
,,태초갈비,"서울특별시 마포구 어울마당로 122, 2층 (서교동)",37.555347,126.923849,Korean - 한식,,public_data,https://www.localdata.go.kr/,2026-08-17,hanjoon,true,,141,91.57,184,2024,,서울특별시 마포구 서교동 346-41
,,탐탐오향족발2,"서울특별시 마포구 와우산로29길 48-6, 1층 (서교동)",37.555907,126.927722,Korean - 한식,,public_data,https://www.localdata.go.kr/,2026-08-17,hanjoon,true,,142,91.44,431,2016,,서울특별시 마포구 서교동 328-69 1층
,,본가집 춘천닭갈비 연남점,"서울특별시 마포구 연희로1길 40-3, 지1층 (동교동)",37.560689,126.926018,Korean - 한식,,public_data,https://www.localdata.go.kr/,2026-08-17,hanjoon,true,,143,91.42,467,2025,,서울특별시 마포구 동교동 113-22
,,홍대 마포껍데기,"서울특별시 마포구 어울마당로 100-8 (서교동, 1,2층)",37.553646,126.922589,Korean - 한식,,public_data,https://www.localdata.go.kr/,2026-08-17,hanjoon,true,,144,91.22,404,2014,,"서울특별시 마포구 서교동 358-62 1,2층"
,,카마,"서울특별시 마포구 동교로41길 3, 2층 (연남동)",37.562503,126.924097,Korean - 한식,,public_data,https://www.localdata.go.kr/,2026-08-17,hanjoon,true,,145,91.17,611,2026,,서울특별시 마포구 연남동 255-19
,,만계옥 홍대점,"서울특별시 마포구 와우산로29라길 21, 1층 (서교동)",37.554854,126.926905,Korean - 한식,,public_data,https://www.localdata.go.kr/,2026-08-17,hanjoon,true,,146,91.07,401,2017,,서울특별시 마포구 서교동 334-18
,,대전양조장(연남점),"서울특별시 마포구 연희로1길 40-3, 2층 (동교동)",37.560689,126.926018,Korean - 한식,,public_data,https://www.localdata.go.kr/,2026-08-17,hanjoon,true,,147,90.64,467,2024,,서울특별시 마포구 동교동 113-22
,,스니커스(snickers)홍대,"서울특별시 마포구 와우산로17길 24, 1층 (서교동)",37.550292,126.921647,Korean - 한식,,public_data,https://www.localdata.go.kr/,2026-08-17,hanjoon,true,,148,90.49,789,2018,,서울특별시 마포구 서교동 407-18
,,우삼집,"서울특별시 마포구 동교로34길 11, 1층,2층 (연남동)",37.561032,126.925013,Korean - 한식,,public_data,https://www.localdata.go.kr/,2026-08-17,hanjoon,true,,149,90.45,461,2024,,서울특별시 마포구 연남동 260-39
,,푸라닭 홍대점,"서울특별시 마포구 어울마당로 113-1 (동교동,2,3층)",37.555041,126.922965,Korean - 한식,,public_data,https://www.localdata.go.kr/,2026-08-17,hanjoon,true,,150,90.0,246,1994,,"서울특별시 마포구 동교동 163-4 2,3층"
,,푸라닭 홍대점,"서울특별시 마포구 어울마당로 113-1 (동교동,2,3층)",37.555041,126.922965,Korean - 한식,,public_data,https://www.localdata.go.kr/,2026-08-17,hanjoon,true,,151,90.0,246,1994,,"서울특별시 마포구 동교동 163-4 2,3층"
,,오우(OU),"서울특별시 마포구 월드컵북로6길 26 (동교동, 1층일부)",37.558268,126.920132,Korean - 한식,,public_data,https://www.localdata.go.kr/,2026-08-17,hanjoon,true,,152,90.0,452,2014,,서울특별시 마포구 동교동 203-56 1층일부
,,홍대물갈비 홍대본점,"서울특별시 마포구 홍익로 3-30, 포도빌딩 1층 (서교동)",37.552914,126.923032,Korean - 한식,,public_data,https://www.localdata.go.kr/,2026-08-17,hanjoon,true,,153,89.92,466,2023,,서울특별시 마포구 서교동 358-96 포도빌딩
,,진진(津津),"서울특별시 마포구 월드컵북로1길 60 (서교동, 1층 )",37.5538,126.918437,Korean - 한식,,public_data,https://www.localdata.go.kr/,2026-08-17,hanjoon,true,,154,89.88,712,1998,02-3142-5599,서울특별시 마포구 서교동 375-35
,,주책다방,"서울특별시 마포구 연남로 9, 2층 (연남동)",37.560602,126.923025,Korean - 한식,,public_data,https://www.localdata.go.kr/,2026-08-17,hanjoon,true,,155,89.73,414,2023,,서울특별시 마포구 연남동 567-47
,,토리키조쿠 홍대 본점,"서울특별시 마포구 어울마당로 102, 2층 (서교동)",37.553892,126.922493,Korean - 한식,,public_data,https://www.localdata.go.kr/,2026-08-17,hanjoon,true,,156,89.62,383,2017,,서울특별시 마포구 서교동 358-72
,,육몽,"서울특별시 마포구 양화로16길 19 (서교동, 1~2층)",37.553217,126.920694,Korean - 한식,,public_data,https://www.localdata.go.kr/,2026-08-17,hanjoon,true,,157,89.55,558,2013,,서울특별시 마포구 서교동 355-13
,,세븐소스샤브샤브,"서울특별시 마포구 연희로 1, 1층 우측호 (동교동)",37.558904,126.926075,Korean - 한식,,public_data,https://www.localdata.go.kr/,2026-08-17,hanjoon,true,,158,89.47,313,2024,,서울특별시 마포구 동교동 147-6
,,제일곱창 홍대점,"서울특별시 마포구 와우산로21길 28-7, 1층 (서교동)",37.55271,126.922225,Korean - 한식,,public_data,https://www.localdata.go.kr/,2026-08-17,hanjoon,true,,159,88.95,515,2022,,서울특별시 마포구 서교동 358-45
,,작심,"서울특별시 마포구 동교로 265, 5층 (연남동)",37.563375,126.925263,Korean - 한식,,public_data,https://www.localdata.go.kr/,2026-08-17,hanjoon,true,,160,88.77,721,2024,023235033,서울특별시 마포구 연남동 229-10
,,동강해물찜,서울특별시 마포구 와우산로23길 15 (서교동),37.553632,126.924204,Korean - 한식,,public_data,https://www.localdata.go.kr/,2026-08-17,hanjoon,true,,161,88.0,375,2003,02-333-0053,서울특별시 마포구 서교동 344-3 1층
,,반가 숯불닭갈비,서울특별시 마포구 어울마당로 147-1 (동교동),37.556696,126.926279,Korean - 한식,,public_data,https://www.localdata.go.kr/,2026-08-17,hanjoon,true,,162,87.8,255,2001,,서울특별시 마포구 동교동 170-24
,,홍와대,"서울특별시 마포구 와우산로19길 26, 1층 (서교동, 일부)",37.551398,126.921756,Korean - 한식,,public_data,https://www.localdata.go.kr/,2026-08-17,hanjoon,true,,163,87.74,670,1997,,서울특별시 마포구 서교동 364-16 1층 일부
,,연남 황제소갈비집,"서울특별시 마포구 월드컵북로6길 60, 1층 101호 (동교동)",37.559274,126.921659,Korean - 한식,,public_data,https://www.localdata.go.kr/,2026-08-17,hanjoon,true,,164,87.48,362,2022,,서울특별시 마포구 동교동 204-57
,,최사장네 닭,"서울특별시 마포구 연남로 4-1, 1층 (연남동)",37.560392,126.923659,Korean - 한식,,public_data,https://www.localdata.go.kr/,2026-08-17,hanjoon,true,,165,87.0,378,2023,,서울특별시 마포구 연남동 373-17
,,두리반,서울특별시 마포구 홍익로5길 45 (서교동),37.553183,126.920242,Korean - 한식,,public_data,https://www.localdata.go.kr/,2026-08-17,hanjoon,true,,166,87.0,595,2001,02-333-4113,서울특별시 마포구 서교동 370-5 1층
,,치히로 서울홍대점,"서울특별시 마포구 와우산로29바길 12-4, 1층 (서교동)",37.555956,126.925891,Korean - 한식,,public_data,https://www.localdata.go.kr/,2026-08-17,hanjoon,true,,167,86.79,240,2023,,서울특별시 마포구 서교동 331-5
,,우뮬,"서울특별시 마포구 동교로38길 27-5, 3층 (연남동)",37.561792,126.925692,Korean - 한식,,public_data,https://www.localdata.go.kr/,2026-08-17,hanjoon,true,,168,86.64,564,2025,,서울특별시 마포구 연남동 390-26
,,발바리네,"서울특별시 마포구 와우산로 128, 1층 (창전동)",37.553298,126.927631,Korean - 한식,,public_data,https://www.localdata.go.kr/,2026-08-17,hanjoon,true,,169,86.4,576,2010,02-334-0619,서울특별시 마포구 창전동 6-133
,,봉산정육 홍대본점,"서울특별시 마포구 양화로16길 30, 1층 (서교동)",37.552925,126.921137,Korean - 한식,,public_data,https://www.localdata.go.kr/,2026-08-17,hanjoon,true,,170,86.25,553,2022,,서울특별시 마포구 서교동 369-36
,,보브(VOV),"서울특별시 마포구 월드컵북로1길 56, 지1층 (서교동)",37.553855,126.918601,Korean - 한식,,public_data,https://www.localdata.go.kr/,2026-08-17,hanjoon,true,,171,86.0,694,2024,,서울특별시 마포구 서교동 375-15
,,목로관삼층,"서울특별시 마포구 어울마당로 126 (서교동, 3층)",37.555569,126.924088,Korean - 한식,,public_data,https://www.localdata.go.kr/,2026-08-17,hanjoon,true,,172,85.98,159,2008,02-334-2234,서울특별시 마포구 서교동 346-45
,,오아보(OAVO),"서울특별시 마포구 홍익로 13-15, 1층 (서교동)",37.553041,126.923202,Korean - 한식,,public_data,https://www.localdata.go.kr/,2026-08-17,hanjoon,true,,173,85.59,448,2025,,서울특별시 마포구 서교동 358-80
,,황소곱창,"서울특별시 마포구 와우산로29바길 16, 1층 (서교동)",37.555797,126.925906,Korean - 한식,,public_data,https://www.localdata.go.kr/,2026-08-17,hanjoon,true,,174,85.04,250,2014,,서울특별시 마포구 서교동 331-7 1층
,,계절,"서울특별시 마포구 동교로 212-5, 1층 (동교동)",37.559321,126.923925,Korean - 한식,,public_data,https://www.localdata.go.kr/,2026-08-17,hanjoon,true,,175,85.04,258,2018,,서울특별시 마포구 동교동 152-15 1층
,,원조감자탕 일미집 홍대점,"서울특별시 마포구 동교로19길 4, 1층 (서교동)",37.555594,126.917992,Korean - 한식,,public_data,https://www.localdata.go.kr/,2026-08-17,hanjoon,true,,176,85.0,685,2023,,서울특별시 마포구 서교동 446-17
,,도원,"서울특별시 마포구 월드컵북로5가길 34 (서교동, B1층)",37.556127,126.919308,Korean - 한식,,public_data,https://www.localdata.go.kr/,2026-08-17,hanjoon,true,,177,84.99,530,2014,,서울특별시 마포구 서교동 446-46 B1층
,,향미각,서울특별시 마포구 동교로 156-16 (서교동),37.555027,126.919905,Korean - 한식,,public_data,https://www.localdata.go.kr/,2026-08-17,hanjoon,true,,178,84.33,505,1997,02-323-5510,서울특별시 마포구 서교동 352-4
,,3일한우국밥,"서울특별시 마포구 양화로 120, 1층 102호 (서교동)",37.553936,126.920367,Korean - 한식,,public_data,https://www.localdata.go.kr/,2026-08-17,hanjoon,true,,179,84.09,527,2021,,서울특별시 마포구 서교동 354-11
,,핵밥 홍대점,"서울특별시 마포구 잔다리로6길 40-6, 1층 (서교동)",37.552111,126.92128,Korean - 한식,,public_data,https://www.localdata.go.kr/,2026-08-17,hanjoon,true,,180,83.7,621,2022,,서울특별시 마포구 서교동 366-13
,,진청유점,"서울특별시 마포구 동교로46길 27, 1,2층 (연남동)",37.562271,126.926292,Korean - 한식,,public_data,https://www.localdata.go.kr/,2026-08-17,hanjoon,true,,181,83.66,638,2025,,서울특별시 마포구 연남동 385-3
,,하남돼지집 홍대입구역점,"서울특별시 마포구 월드컵북로2길 5 (동교동, 1층)",37.555921,126.921325,Korean - 한식,,public_data,https://www.localdata.go.kr/,2026-08-17,hanjoon,true,,182,83.17,320,1985,02-322-5121,서울특별시 마포구 동교동 161-17
,,종로대성식당 연남본점,"서울특별시 마포구 동교로38길 33-6, 지1층 (연남동)",37.561417,126.925909,Korean - 한식,,public_data,https://www.localdata.go.kr/,2026-08-17,hanjoon,true,,183,83.01,534,2024,,서울특별시 마포구 연남동 390-41
,,애프터마켓 홍대연남점,"서울특별시 마포구 동교로38안길 10, 2층 (연남동)",37.562254,126.924906,Korean - 한식,,public_data,https://www.localdata.go.kr/,2026-08-17,hanjoon,true,,184,82.84,592,2026,,서울특별시 마포구 연남동 390-68
,,팔팔,"서울특별시 마포구 와우산로19길 26 (서교동, 2층)",37.551398,126.921756,Korean - 한식,,public_data,https://www.localdata.go.kr/,2026-08-17,hanjoon,true,,185,82.8,670,2005,,서울특별시 마포구 서교동 364-16
,,신진도간장게장,서울특별시 마포구 월드컵북로2길 41 (동교동),37.557039,126.922799,Korean - 한식,,public_data,https://www.localdata.go.kr/,2026-08-17,hanjoon,true,,186,82.6,133,1997,,서울특별시 마포구 동교동 158-5
,,벌스투(VERSEⅡ),"서울특별시 마포구 동교로27길 54 (연남동, 1층일부)",37.560283,126.921231,Korean - 한식,,public_data,https://www.localdata.go.kr/,2026-08-17,hanjoon,true,,187,82.5,477,2017,,서울특별시 마포구 연남동 566-55
,,홍대닭한마리,"서울특별시 마포구 월드컵북로2길 81 (동교동,1층)",37.558264,126.924415,Korean - 한식,,public_data,https://www.localdata.go.kr/,2026-08-17,hanjoon,true,,188,82.39,148,2010,02-333-8440,서울특별시 마포구 동교동 154-15 1층
,,부야스곱창,"서울특별시 마포구 어울마당로 136-13 (서교동, 2층)",37.555769,126.925708,Korean - 한식,,public_data,https://www.localdata.go.kr/,2026-08-17,hanjoon,true,,189,82.35,234,2009,,서울특별시 마포구 서교동 331-9
,,연남 육미안,"서울특별시 마포구 동교로38길 5, 2층 (연남동)",37.561836,126.924608,Korean - 한식,,public_data,https://www.localdata.go.kr/,2026-08-17,hanjoon,true,,190,81.84,541,2023,,서울특별시 마포구 연남동 228-58
,,홍대빽가네 닭한마리 본점,"서울특별시 마포구 어울마당로 112, 2층 (서교동)",37.554707,126.923113,Korean - 한식,,public_data,https://www.localdata.go.kr/,2026-08-17,hanjoon,true,,191,80.91,273,2025,,서울특별시 마포구 서교동 345-14
,,동대문 빽가네 닭한마리,"서울특별시 마포구 어울마당로 112, 3층 (서교동)",37.554707,126.923113,Korean - 한식,,public_data,https://www.localdata.go.kr/,2026-08-17,hanjoon,true,,192,80.91,273,2025,,서울특별시 마포구 서교동 345-14
,,꽃게나라,"서울특별시 마포구 어울마당로 136-3, 2층 (서교동)",37.556019,126.925258,Korean - 한식,,public_data,https://www.localdata.go.kr/,2026-08-17,hanjoon,true,,193,80.28,177,2022,,서울특별시 마포구 서교동 331-13
,,우아하게,"서울특별시 마포구 동교로 185, 1층 (동교동)",37.557098,126.921812,Korean - 한식,,public_data,https://www.localdata.go.kr/,2026-08-17,hanjoon,true,,194,80.27,243,2021,,서울특별시 마포구 동교동 201-53
,,어머님밥상,"서울특별시 마포구 와우산로23길 9, 칼리오페 5층 (서교동)",37.553484,126.924299,Korean - 한식,,public_data,https://www.localdata.go.kr/,2026-08-17,hanjoon,true,,195,80.24,392,2015,,서울특별시 마포구 서교동 344-6 칼리오페
,,센트럴사이트,"서울특별시 마포구 연희로 29-1, 2,3층 (동교동)",37.561559,126.926835,Korean - 한식,,public_data,https://www.localdata.go.kr/,2026-08-17,hanjoon,true,,196,80.19,596,2015,,서울특별시 마포구 동교동 117-3
,,왓더버거 홍대점,"서울특별시 마포구 와우산로29길 44, 201호 (서교동)",37.555727,126.927771,Korean - 한식,,public_data,https://www.localdata.go.kr/,2026-08-17,hanjoon,true,,197,80.0,442,2010,02-335-0066,서울특별시 마포구 서교동 328-26
,,홍대원조 통골뱅이,서울특별시 마포구 와우산로32길 5 (서교동),37.554811,126.930644,Korean - 한식,,public_data,https://www.localdata.go.kr/,2026-08-17,hanjoon,true,,198,79.4,777,2012,02-335-6717,서울특별시 마포구 서교동 325-14 1층
,,콩불홍대점,"서울특별시 마포구 어울마당로 118 (서교동,1층)",37.555056,126.923458,Korean - 한식,,public_data,https://www.localdata.go.kr/,2026-08-17,hanjoon,true,,199,79.35,224,2005,02-322-3545,서울특별시 마포구 서교동 345-2 1층
,,낭풍,"서울특별시 마포구 동교로 253 (연남동, 2층 )",37.562601,126.924384,Korean - 한식,,public_data,https://www.localdata.go.kr/,2026-08-17,hanjoon,true,,200,79.3,623,2014,,서울특별시 마포구 연남동 229-64 2층
,,돼지명가,"서울특별시 마포구 동교로 221, 승남빌딩 1층 (동교동)",37.559787,126.923586,Korean - 한식,,public_data,https://www.localdata.go.kr/,2026-08-17,hanjoon,true,,201,79.2,313,2020,,서울특별시 마포구 동교동 198-22 승남빌딩
,,이끔,"서울특별시 마포구 동교로46길 24-2, 2층 (연남동)",37.562107,126.925877,Korean - 한식,,public_data,https://www.localdata.go.kr/,2026-08-17,hanjoon,true,,202,78.66,604,2022,,서울특별시 마포구 연남동 384-9
,,연남동 느루,"서울특별시 마포구 동교로32길 3 (연남동, 2,3층)",37.560836,126.924544,Korean - 한식,,public_data,https://www.localdata.go.kr/,2026-08-17,hanjoon,true,,203,78.4,430,2017,,"서울특별시 마포구 연남동 260-52 2,3층"
,,꾸아 홍대점,"서울특별시 마포구 와우산로19길 21, 삼진빌딩 1층 (서교동)",37.551187,126.921867,Korean - 한식,,public_data,https://www.localdata.go.kr/,2026-08-17,hanjoon,true,,204,78.3,687,2025,,서울특별시 마포구 서교동 363-20 삼진빌딩
,,일편등심,"서울특별시 마포구 홍익로6길 52, 3층 (동교동)",37.556309,126.924395,Korean - 한식,,public_data,https://www.localdata.go.kr/,2026-08-17,hanjoon,true,,205,78.07,88,2014,,서울특별시 마포구 동교동 164-23 3층
,,형제특수부위 연남점 1층,"서울특별시 마포구 동교로 258, 1층 (연남동)",37.562691,126.92495,Korean - 한식,,public_data,https://www.localdata.go.kr/,2026-08-17,hanjoon,true,,206,77.43,640,2021,,서울특별시 마포구 연남동 228-35
,,언덕,"서울특별시 마포구 와우산로23길 9, 칼리오페 1층 104호 (서교동)",37.553484,126.924299,Korean - 한식,,public_data,https://www.localdata.go.kr/,2026-08-17,hanjoon,true,,207,76.2,392,2023,,서울특별시 마포구 서교동 344-6 칼리오페
,,수을관,"서울특별시 마포구 동교로38길 19, 2층 (연남동)",37.562034,126.925462,Korean - 한식,,public_data,https://www.localdata.go.kr/,2026-08-17,hanjoon,true,,208,75.65,582,2021,,서울특별시 마포구 연남동 390-59
,,을지옥 쭈꾸미,"서울특별시 마포구 동교로 239, 창무빌딩 2층 (연남동)",37.561259,126.924095,Korean - 한식,,public_data,https://www.localdata.go.kr/,2026-08-17,hanjoon,true,,209,75.46,473,2024,,서울특별시 마포구 연남동 259-10 창무빌딩
,,꿀돼지집,"서울특별시 마포구 동교로 236, 2층 (연남동)",37.560875,126.924449,Korean - 한식,,public_data,https://www.localdata.go.kr/,2026-08-17,hanjoon,true,,210,75.01,433,2017,,서울특별시 마포구 연남동 260-51 2층
,,연남회관,"서울특별시 마포구 동교로 239, 창무빌딩 1층 (연남동)",37.561259,126.924095,Korean - 한식,,public_data,https://www.localdata.go.kr/,2026-08-17,hanjoon,true,,211,75.0,473,2025,,서울특별시 마포구 연남동 259-10 창무빌딩
,,하카타나카,"서울특별시 마포구 와우산로23길 50 (서교동, 2층)",37.555032,126.923713,Korean - 한식,,public_data,https://www.localdata.go.kr/,2026-08-17,hanjoon,true,,212,74.96,221,1998,02-336-8001,서울특별시 마포구 서교동 346-36
,,한성축산정육식당,"서울특별시 마포구 연남로 33 (연남동,외1필지 1층)",37.562558,126.921451,Korean - 한식,,public_data,https://www.localdata.go.kr/,2026-08-17,hanjoon,true,,213,74.9,679,2008,,서울특별시 마포구 연남동 509-20 외1필지 1층
,,주식회사 연남족발1987 홍대본점,"서울특별시 마포구 와우산로29길 69, 1층 101호 (서교동)",37.556133,126.926443,Korean - 한식,,public_data,https://www.localdata.go.kr/,2026-08-17,hanjoon,true,,214,74.65,288,2021,,서울특별시 마포구 서교동 332-1
,,오스카커피부스(oscar coffee booth),"서울특별시 마포구 동교로 187, 2층 (동교동)",37.557213,126.921972,Korean - 한식,,public_data,https://www.localdata.go.kr/,2026-08-17,hanjoon,true,,215,74.6,226,2024,,서울특별시 마포구 동교동 201-6
,,신선설농탕 홍대역점,"서울특별시 마포구 홍익로6길 10, 준봉빌딩 1층 일부호 (동교동)",37.555009,126.922688,Korean - 한식,,public_data,https://www.localdata.go.kr/,2026-08-17,hanjoon,true,,216,74.38,265,2024,,서울특별시 마포구 동교동 163-9 준봉빌딩
,,와우,"서울특별시 마포구 와우산로37길 11, 1층 (동교동)",37.556057,126.930185,Korean - 한식,,public_data,https://www.localdata.go.kr/,2026-08-17,hanjoon,true,,217,74.07,694,2018,,서울특별시 마포구 동교동 189-5
,,레이트 체크아웃,"서울특별시 마포구 동교로 262-9, 2층 (연남동)",37.562829,126.925646,Korean - 한식,,public_data,https://www.localdata.go.kr/,2026-08-17,hanjoon,true,,218,73.94,672,2022,,서울특별시 마포구 연남동 387-10
,,무한육채미 홍대점,"서울특별시 마포구 양화로 100, 1층 103호 (서교동)",37.552675,126.918728,Korean - 한식,,public_data,https://www.localdata.go.kr/,2026-08-17,hanjoon,true,,219,73.38,757,2023,,서울특별시 마포구 서교동 372-1
,,디저트머라이언,"서울특별시 마포구 와우산로27길 75, 2층 (서교동)",37.555539,126.924619,Korean - 한식,,public_data,https://www.localdata.go.kr/,2026-08-17,hanjoon,true,,220,73.29,176,2015,,서울특별시 마포구 서교동 346-20 2층
,,풍천장어 홍대점,서울특별시 마포구 동교로 162 (서교동),37.555612,126.919913,Korean - 한식,,public_data,https://www.localdata.go.kr/,2026-08-17,hanjoon,true,,221,72.19,479,2000,02-324-9139,서울특별시 마포구 서교동 351-24
,,풍천장어 홍대점,서울특별시 마포구 동교로 162 (서교동),37.555612,126.919913,Korean - 한식,,public_data,https://www.localdata.go.kr/,2026-08-17,hanjoon,true,,222,72.19,479,2000,02-324-9139,서울특별시 마포구 서교동 351-24
,,제주특별집,"서울특별시 마포구 잔다리로6길 36 (서교동,동천빌딩 1층)",37.552233,126.921207,Korean - 한식,,public_data,https://www.localdata.go.kr/,2026-08-17,hanjoon,true,,223,72.0,613,2008,02-338-1239,서울특별시 마포구 서교동 366-1 동천빌딩 1층
,,한월,"서울특별시 마포구 홍익로 3-3, 2층 (서교동)",37.552888,126.923735,Korean - 한식,,public_data,https://www.localdata.go.kr/,2026-08-17,hanjoon,true,,224,70.94,457,2022,,서울특별시 마포구 서교동 358-74
,,필프리(FEEL FREE) 홍대본점,"서울특별시 마포구 동교로 149 (서교동, 1층)",37.555592,126.918623,Korean - 한식,,public_data,https://www.localdata.go.kr/,2026-08-17,hanjoon,true,,225,70.88,617,2003,,서울특별시 마포구 서교동 446-15
,,필프리(FEEL FREE) 홍대본점,"서울특별시 마포구 동교로 149 (서교동, 1층)",37.555592,126.918623,Korean - 한식,,public_data,https://www.localdata.go.kr/,2026-08-17,hanjoon,true,,226,70.88,617,2003,,서울특별시 마포구 서교동 446-15
,,오이지,"서울특별시 마포구 연희로1길 15 (동교동, 지1층)",37.55966,126.925646,Korean - 한식,,public_data,https://www.localdata.go.kr/,2026-08-17,hanjoon,true,,227,70.46,347,2014,,서울특별시 마포구 동교동 147-28 지1층
,,대청마루,"서울특별시 마포구 동교로 147 (서교동,1층)",37.555549,126.91832,Korean - 한식,,public_data,https://www.localdata.go.kr/,2026-08-17,hanjoon,true,,228,69.83,651,2006,02-333-6101,서울특별시 마포구 서교동 446-60 1층
,,로지오뎅 홍대,"서울특별시 마포구 월드컵북로2길 86 (동교동,1층)",37.558288,126.924739,Korean - 한식,,public_data,https://www.localdata.go.kr/,2026-08-17,hanjoon,true,,229,69.69,165,1996,02-332-1233,서울특별시 마포구 동교동 155-35 1층
,,라무진연남점,"서울특별시 마포구 동교로36길 3 (연남동, 1층전부)",37.561285,126.924581,Korean - 한식,,public_data,https://www.localdata.go.kr/,2026-08-17,hanjoon,true,,230,69.2,480,2016,,서울특별시 마포구 연남동 260-25 1층전부
,,메가박스 중앙(주) 홍대지점,"서울특별시 마포구 양화로 147, 아일렉스 7층 (동교동)",37.556067,126.922093,Korean - 한식,,public_data,https://www.localdata.go.kr/,2026-08-17,hanjoon,true,,231,68.9,236,2019,02-3017-3584,서울특별시 마포구 동교동 160-4 아일렉스
,,수라간,"서울특별시 마포구 동교로38안길 3, 1층 (연남동)",37.561939,126.92464,Korean - 한식,,public_data,https://www.localdata.go.kr/,2026-08-17,hanjoon,true,,232,68.51,553,2014,031-807-0805,서울특별시 마포구 연남동 228-56
,,치버킹,"서울특별시 마포구 동교로 195, 화봉빌딩 1층 (동교동)",37.557814,126.922598,Korean - 한식,,public_data,https://www.localdata.go.kr/,2026-08-17,hanjoon,true,,233,68.04,180,2023,,서울특별시 마포구 동교동 200-28 화봉빌딩
,,유가네닭갈비,"서울특별시 마포구 어울마당로 109 (동교동,1층)",37.554778,126.922669,Korean - 한식,,public_data,https://www.localdata.go.kr/,2026-08-17,hanjoon,true,,234,68.0,287,2004,,서울특별시 마포구 동교동 163-11 1층
,,무쏘 홍대입구역점,"서울특별시 마포구 어울마당로 131, 지층 (동교동)",37.556154,126.924393,Korean - 한식,,public_data,https://www.localdata.go.kr/,2026-08-17,hanjoon,true,,235,67.98,104,2001,02-338-4731,서울특별시 마포구 동교동 164-6
,,무쏘 홍대입구역점,"서울특별시 마포구 어울마당로 131, 지층 (동교동)",37.556154,126.924393,Korean - 한식,,public_data,https://www.localdata.go.kr/,2026-08-17,hanjoon,true,,236,67.98,104,2001,02-338-4731,서울특별시 마포구 동교동 164-6
,,미래회관 연남점,"서울특별시 마포구 동교로 242, 2층 (연남동)",37.561405,126.924464,Korean - 한식,,public_data,https://www.localdata.go.kr/,2026-08-17,hanjoon,true,,237,67.89,492,2025,,서울특별시 마포구 연남동 260-27
,,미래회관 연남점,"서울특별시 마포구 동교로 242, 2층 (연남동)",37.561405,126.924464,Korean - 한식,,public_data,https://www.localdata.go.kr/,2026-08-17,hanjoon,true,,238,67.89,492,2025,,서울특별시 마포구 연남동 260-27
,,형님저여요,"서울특별시 마포구 어울마당로 136 (서교동,1층)",37.555974,126.924958,Korean - 한식,,public_data,https://www.localdata.go.kr/,2026-08-17,hanjoon,true,,239,66.29,156,2002,,서울특별시 마포구 서교동 347-1 1층
,,주식회사 시우코퍼레이션,"서울특별시 마포구 양화로16길 15, 무광빌딩 1층 102호 (서교동)",37.553296,126.92066,Korean - 한식,,public_data,https://www.localdata.go.kr/,2026-08-17,hanjoon,true,,240,66.24,554,2009,02-3147-2030,서울특별시 마포구 서교동 355-15 무광빌딩
,,갈비탈 홍대본점,"서울특별시 마포구 홍익로5안길 16, 1층 (서교동)",37.553901,126.921725,Korean - 한식,,public_data,https://www.localdata.go.kr/,2026-08-17,hanjoon,true,,241,66.1,427,2025,,서울특별시 마포구 서교동 355-21
,,홍스쭈꾸미 홍대2호점,"서울특별시 마포구 어울마당로 146, 3층 (서교동)",37.556212,126.926101,Korean - 한식,,public_data,https://www.localdata.go.kr/,2026-08-17,hanjoon,true,,242,66.0,249,2025,,서울특별시 마포구 서교동 331-21
,,사루카메(SARUKAME),"서울특별시 마포구 연남로 15 (연남동, 1층 일부)",37.561059,126.922656,Korean - 한식,,public_data,https://www.localdata.go.kr/,2026-08-17,hanjoon,true,,243,66.0,475,2010,,서울특별시 마포구 연남동 566-67
,,김덕후의 뼈구이감자탕 홍대직영점,"서울특별시 마포구 와우산로29길 24, 1층 (서교동)",37.555213,126.928702,Korean - 한식,,public_data,https://www.localdata.go.kr/,2026-08-17,hanjoon,true,,244,66.0,558,2025,,서울특별시 마포구 서교동 328-55
,,홍대 깔깔이족발,"서울특별시 마포구 와우산로 151, 1층 좌측호 (서교동)",37.554673,126.929751,Korean - 한식,,public_data,https://www.localdata.go.kr/,2026-08-17,hanjoon,true,,245,66.0,689,2024,,서울특별시 마포구 서교동 327-14
,,밥순이,"서울특별시 마포구 서강로9길 55 (창전동,서문빌딩101 1층)",37.55428,126.9305,Korean - 한식,,public_data,https://www.localdata.go.kr/,2026-08-17,hanjoon,true,,246,66.0,782,2007,,서울특별시 마포구 창전동 5-9 서문빌딩101 1층
,,광계,"서울특별시 마포구 연희로1길 55, 2층 (연남동)",37.561313,126.926255,Korean - 한식,,public_data,https://www.localdata.go.kr/,2026-08-17,hanjoon,true,,247,65.31,540,2025,,서울특별시 마포구 연남동 383-72
,,바다주막,"서울특별시 마포구 월드컵북로4길 13 (동교동, 지하1층일부)",37.557104,126.92049,Korean - 한식,,public_data,https://www.localdata.go.kr/,2026-08-17,hanjoon,true,,248,65.0,390,2011,,서울특별시 마포구 동교동 203-18 지하1층일부
,,서교동 연탄집,서울특별시 마포구 동교로 158 (서교동),37.55556,126.919655,Korean - 한식,,public_data,https://www.localdata.go.kr/,2026-08-17,hanjoon,true,,249,64.99,508,1997,02-718-9328,서울특별시 마포구 서교동 351-25
,,꼬수룸 소곱창,"서울특별시 마포구 와우산로32길 11, 지1층 (서교동)",37.55481,126.930798,Korean - 한식,,public_data,https://www.localdata.go.kr/,2026-08-17,hanjoon,true,,250,64.79,793,2025,,서울특별시 마포구 서교동 325-13
,,오십픽(50 PICK),"서울특별시 마포구 어울마당로 136-16, 2층 (서교동)",37.555763,126.925335,Korean - 한식,,public_data,https://www.localdata.go.kr/,2026-08-17,hanjoon,true,,251,64.64,202,2015,,서울특별시 마포구 서교동 347-6 2층
,,탐탐오향족발,"서울특별시 마포구 와우산로29길 48-6 (서교동, 지1층일부)",37.555907,126.927722,Korean - 한식,,public_data,https://www.localdata.go.kr/,2026-08-17,hanjoon,true,,252,64.44,431,2016,,서울특별시 마포구 서교동 328-69
,,홍대 소고기 뭉티크,"서울특별시 마포구 양화로16길 21, 3층 (서교동)",37.553188,126.920783,Korean - 한식,,public_data,https://www.localdata.go.kr/,2026-08-17,hanjoon,true,,253,64.37,554,2024,,서울특별시 마포구 서교동 355-12
,,등촌칼국수,서울특별시 마포구 홍익로 15 (서교동),37.553755,126.922981,Korean - 한식,,public_data,https://www.localdata.go.kr/,2026-08-17,hanjoon,true,,254,64.25,378,2000,023335881,서울특별시 마포구 서교동 358-104
,,혼술바 고도 홍대 연남점,"서울특별시 마포구 동교로38안길 11, 지1층 (연남동)",37.562387,126.924737,Korean - 한식,,public_data,https://www.localdata.go.kr/,2026-08-17,hanjoon,true,,255,64.0,604,2025,,서울특별시 마포구 연남동 390-65
,,이승화돈부리,"서울특별시 마포구 와우산로21길 28, 1층 좌측호 (서교동)",37.55248,126.922385,Korean - 한식,,public_data,https://www.localdata.go.kr/,2026-08-17,hanjoon,true,,256,63.96,533,2008,02-3141-8398,서울특별시 마포구 서교동 358-38
,,초야,"서울특별시 마포구 연희로1길 59-3, 지층 (연남동)",37.561531,126.926341,Korean - 한식,,public_data,https://www.localdata.go.kr/,2026-08-17,hanjoon,true,,257,63.64,566,2025,,서울특별시 마포구 연남동 383-102
,,연남 한양집,"서울특별시 마포구 동교로46길 26, 1층 (연남동)",37.562181,126.926057,Korean - 한식,,public_data,https://www.localdata.go.kr/,2026-08-17,hanjoon,true,,258,63.17,619,2023,,서울특별시 마포구 연남동 384-3
,,우이락 홍대점,"서울특별시 마포구 잔다리로6길 34, 昌元빌딩 1층 (서교동)",37.552211,126.920973,Korean - 한식,,public_data,https://www.localdata.go.kr/,2026-08-17,hanjoon,true,,259,63.0,629,2025,,서울특별시 마포구 서교동 366-10 昌元빌딩
,,연남고집,"서울특별시 마포구 동교로38길 7, 지1층 (연남동)",37.561908,126.924725,Korean - 한식,,public_data,https://www.localdata.go.kr/,2026-08-17,hanjoon,true,,260,62.79,551,2025,,서울특별시 마포구 연남동 228-55
,,핵밥 홍대점,"서울특별시 마포구 홍익로 6, 1층 (서교동)",37.553328,126.924068,Korean - 한식,,public_data,https://www.localdata.go.kr/,2026-08-17,hanjoon,true,,261,62.34,408,2026,,서울특별시 마포구 서교동 344-15
,,굽자카야 로바타로지,"서울특별시 마포구 양화로18안길 17, 홍익빌딩 1층 (동교동)",37.556957,126.925499,Korean - 한식,,public_data,https://www.localdata.go.kr/,2026-08-17,hanjoon,true,,262,61.94,166,2022,,서울특별시 마포구 동교동 168-8 홍익빌딩
,,느린마을양조장 연남점,"서울특별시 마포구 동교로 242-5 (연남동, 1층)",37.561524,126.924684,Korean - 한식,,public_data,https://www.localdata.go.kr/,2026-08-17,hanjoon,true,,263,61.92,508,2016,,서울특별시 마포구 연남동 260-14 1층
,,루바브,"서울특별시 마포구 연희로 47, 2층 201호 (연남동)",37.562959,126.927763,Korean - 한식,,public_data,https://www.localdata.go.kr/,2026-08-17,hanjoon,true,,264,61.74,782,2022,,서울특별시 마포구 연남동 226-34
,,이모네,"서울특별시 마포구 월드컵북로7길 11, 1층 110호 (서교동)",37.558061,126.917233,Korean - 한식,,public_data,https://www.localdata.go.kr/,2026-08-17,hanjoon,true,,265,61.7,760,2021,,서울특별시 마포구 서교동 449-1
,,정민옥,"서울특별시 마포구 월드컵북로 52-4, HC빌딩 1층 (연남동)",37.559058,126.917817,Korean - 한식,,public_data,https://www.localdata.go.kr/,2026-08-17,hanjoon,true,,266,61.65,723,2018,,서울특별시 마포구 연남동 487-394 HC빌딩
,,아뜨뜨,"서울특별시 마포구 동교로38길 42-5, 지1층 (연남동)",37.560932,126.92558,Korean - 한식,,public_data,https://www.localdata.go.kr/,2026-08-17,hanjoon,true,,267,61.6,470,2021,,서울특별시 마포구 연남동 382-22 세모하우스
,,홍대최대포,"서울특별시 마포구 양화로19길 10 (동교동, 1층)",37.558142,126.924347,Korean - 한식,,public_data,https://www.localdata.go.kr/,2026-08-17,hanjoon,true,,268,61.59,132,2010,,서울특별시 마포구 동교동 154-17
,,선선당,"서울특별시 마포구 와우산로32길 11, 1층 (서교동)",37.55481,126.930798,Korean - 한식,,public_data,https://www.localdata.go.kr/,2026-08-17,hanjoon,true,,269,61.56,793,2026,,서울특별시 마포구 서교동 325-13
,,이모네,"서울특별시 마포구 홍익로5길 49, 1,2층 (서교동)",37.553047,126.920065,Korean - 한식,,public_data,https://www.localdata.go.kr/,2026-08-17,hanjoon,true,,270,61.0,619,2004,02-325-8812,서울특별시 마포구 서교동 370-31
,,이모네,"서울특별시 마포구 홍익로5길 49, 1,2층 (서교동)",37.553047,126.920065,Korean - 한식,,public_data,https://www.localdata.go.kr/,2026-08-17,hanjoon,true,,271,61.0,619,2004,02-325-8812,서울특별시 마포구 서교동 370-31
,,비마이피스 연남점,"서울특별시 마포구 성미산로 190-11, 지하1층 (연남동)",37.562508,126.92609,Korean - 한식,,public_data,https://www.localdata.go.kr/,2026-08-17,hanjoon,true,,272,60.96,654,2026,,서울특별시 마포구 연남동 227-31
,,더 키친 아시아,"서울특별시 마포구 와우산로23길 35-6, 1층 (서교동)",37.554567,126.923309,Korean - 한식,,public_data,https://www.localdata.go.kr/,2026-08-17,hanjoon,true,,273,60.75,281,2015,,서울특별시 마포구 서교동 345-20 1층
,,보승회관,"서울특별시 마포구 어울마당로 131 (동교동,1층)",37.556154,126.924393,Korean - 한식,,public_data,https://www.localdata.go.kr/,2026-08-17,hanjoon,true,,274,59.94,104,2001,023378960,서울특별시 마포구 동교동 164-6 1층
,,자화상(JAHWASANG),"서울특별시 마포구 동교로38길 13, 3층 (연남동)",37.562059,126.924996,Korean - 한식,,public_data,https://www.localdata.go.kr/,2026-08-17,hanjoon,true,,275,59.8,572,2026,,서울특별시 마포구 연남동 390-71
,,자화상(JAHWASANG),"서울특별시 마포구 동교로38길 13, 3층 (연남동)",37.562059,126.924996,Korean - 한식,,public_data,https://www.localdata.go.kr/,2026-08-17,hanjoon,true,,276,59.8,572,2026,,서울특별시 마포구 연남동 390-71
,,통통돼지,"서울특별시 마포구 어울마당로 126-1 (서교동,지1층)",37.555633,126.924183,Korean - 한식,,public_data,https://www.localdata.go.kr/,2026-08-17,hanjoon,true,,277,59.74,153,2009,0231420570,서울특별시 마포구 서교동 346-46 지1층
,,스몰타운스몰(small town small),"서울특별시 마포구 동교로38길 19, 지1층 (연남동)",37.562034,126.925462,Korean - 한식,,public_data,https://www.localdata.go.kr/,2026-08-17,hanjoon,true,,278,59.72,582,2022,0269547963,서울특별시 마포구 연남동 390-59
,,소도시(SODOSI),"서울특별시 마포구 동교로25길 23, 정암빌딩 1층 일부호 (동교동)",37.55799,126.921149,Korean - 한식,,public_data,https://www.localdata.go.kr/,2026-08-17,hanjoon,true,,279,59.5,335,2023,,서울특별시 마포구 동교동 203-50 정암빌딩
,,바다회사랑,"서울특별시 마포구 동교로27길 60 (연남동,1층)",37.560411,126.921062,Korean - 한식,,public_data,https://www.localdata.go.kr/,2026-08-17,hanjoon,true,,280,59.4,500,1993,02-338-0827,서울특별시 마포구 연남동 566-8 1층
,,주류충전소(연남점),"서울특별시 마포구 동교로 274 (연남동,1층)",37.563713,126.926131,Korean - 한식,,public_data,https://www.localdata.go.kr/,2026-08-17,hanjoon,true,,281,59.28,782,2005,,서울특별시 마포구 연남동 224-33 1층
,,야반도주,"서울특별시 마포구 연희로1길 45-4, 지1층 (연남동)",37.561234,126.926012,Korean - 한식,,public_data,https://www.localdata.go.kr/,2026-08-17,hanjoon,true,,282,59.24,520,2023,,서울특별시 마포구 연남동 383-34
,,소금 제면소 홍대점,"서울특별시 마포구 와우산로17길 26, 1층 (서교동)",37.550281,126.921519,Korean - 한식,,public_data,https://www.localdata.go.kr/,2026-08-17,hanjoon,true,,283,59.14,795,2024,,서울특별시 마포구 서교동 407-30
,,솔솥,"서울특별시 마포구 동교로38길 35, 지1층 2호 (연남동)",37.561337,126.925792,Korean - 한식,,public_data,https://www.localdata.go.kr/,2026-08-17,hanjoon,true,,284,59.0,521,2021,,서울특별시 마포구 연남동 390-42
,,윤이불닭발 마포구점,"서울특별시 마포구 양화로18안길 26-5 (동교동,지1층)",37.556854,126.926219,Korean - 한식,,public_data,https://www.localdata.go.kr/,2026-08-17,hanjoon,true,,285,58.65,247,2008,,서울특별시 마포구 동교동 170-26 지1층
,,생마차 홍대입구역점,서울특별시 마포구 어울마당로 145-1 (동교동),37.556614,126.925938,Korean - 한식,,public_data,https://www.localdata.go.kr/,2026-08-17,hanjoon,true,,286,58.15,219,1996,02-3141-3111,서울특별시 마포구 동교동 169-5
,,홍대씨부엉,"서울특별시 마포구 와우산로21길 28-6 (서교동, 1층)",37.552576,126.922373,Korean - 한식,,public_data,https://www.localdata.go.kr/,2026-08-17,hanjoon,true,,287,58.0,523,2012,,서울특별시 마포구 서교동 358-39
,,연남 안테이쿠,"서울특별시 마포구 연희로1길 59-3, 1층 (연남동)",37.561531,126.926341,Korean - 한식,,public_data,https://www.localdata.go.kr/,2026-08-17,hanjoon,true,,288,57.92,566,2022,,서울특별시 마포구 연남동 383-102
,,(주)더제이엔코,"서울특별시 마포구 홍익로3길 20 (서교동, 1층 113,114,115호)",37.553522,126.921674,Korean - 한식,,public_data,https://www.localdata.go.kr/,2026-08-17,hanjoon,true,,289,57.5,464,2009,,서울특별시 마포구 서교동 357-1
,,연남복돼지,"서울특별시 마포구 동교로 248-1, 1층 (연남동)",37.562023,126.924528,Korean - 한식,,public_data,https://www.localdata.go.kr/,2026-08-17,hanjoon,true,,290,57.46,561,2018,,서울특별시 마포구 연남동 228-48
,,구포국수,"서울특별시 마포구 월드컵북로7길 10, 1층 (서교동)",37.558326,126.91715,Korean - 한식,,public_data,https://www.localdata.go.kr/,2026-08-17,hanjoon,true,,291,57.3,774,2015,,서울특별시 마포구 서교동 247-96 1층
,,드럼통 숯불구이,"서울특별시 마포구 월드컵북로 50, 1층 (연남동)",37.558833,126.917871,Korean - 한식,,public_data,https://www.localdata.go.kr/,2026-08-17,hanjoon,true,,292,57.0,710,2021,,서울특별시 마포구 연남동 487-402
,,이미,서울특별시 마포구 동교로25길 7 (동교동),37.557478,126.921903,Korean - 한식,,public_data,https://www.localdata.go.kr/,2026-08-17,hanjoon,true,,293,56.99,239,1998,02-333-5885,서울특별시 마포구 동교동 201-10
,,우메이징,"서울특별시 마포구 연희로1길 59-2 (연남동, 2층)",37.561595,126.926483,Korean - 한식,,public_data,https://www.localdata.go.kr/,2026-08-17,hanjoon,true,,294,56.53,580,2017,,서울특별시 마포구 연남동 383-99
,,므마서울 바앤다이닝 홍대,"서울특별시 마포구 잔다리로 30-18, 지1층 (서교동)",37.551621,126.920058,Korean - 한식,,public_data,https://www.localdata.go.kr/,2026-08-17,hanjoon,true,,295,56.42,740,2025,,서울특별시 마포구 서교동 368-40
,,무채색 숲,"서울특별시 마포구 동교로32길 10, 지1층 (연남동)",37.560625,126.924754,Korean - 한식,,public_data,https://www.localdata.go.kr/,2026-08-17,hanjoon,true,,296,56.4,411,2022,,서울특별시 마포구 연남동 260-56
,,코엔,"서울특별시 마포구 월드컵북로4길 30, 1층 101호 (동교동)",37.557534,126.921297,Korean - 한식,,public_data,https://www.localdata.go.kr/,2026-08-17,hanjoon,true,,297,56.2,306,2023,02-336-0197,서울특별시 마포구 동교동 201-48
,,헬로양꼬치,"서울특별시 마포구 동교로 179 (동교동, 1층 일부)",37.556694,126.921386,Korean - 한식,,public_data,https://www.localdata.go.kr/,2026-08-17,hanjoon,true,,298,56.1,292,2012,,서울특별시 마포구 동교동 201-20
,,헬로양꼬치,"서울특별시 마포구 동교로 179 (동교동, 1층 일부)",37.556694,126.921386,Korean - 한식,,public_data,https://www.localdata.go.kr/,2026-08-17,hanjoon,true,,299,56.1,292,2012,,서울특별시 마포구 동교동 201-20
,,별빛퐁당,"서울특별시 마포구 와우산로 66, 지층 (서교동)",37.550405,126.923259,Korean - 한식,,public_data,https://www.localdata.go.kr/,2026-08-17,hanjoon,true,,300,56.08,737,2024,,서울특별시 마포구 서교동 360-24
,,산장물갈비,"서울특별시 마포구 양화로19길 2, 1층 (동교동)",37.557925,126.924671,Korean - 한식,,public_data,https://www.localdata.go.kr/,2026-08-17,hanjoon,true,,301,56.06,127,2025,,서울특별시 마포구 동교동 155-16
,,왕령관네 탕후루,"서울특별시 마포구 홍익로3길 32, 1층 (서교동)",37.553086,126.921591,Korean - 한식,,public_data,https://www.localdata.go.kr/,2026-08-17,hanjoon,true,,302,56.0,510,1996,,서울특별시 마포구 서교동 357-2
,,김부자네,"서울특별시 마포구 동교로46길 21, 2층 (연남동)",37.5623,126.925874,Korean - 한식,,public_data,https://www.localdata.go.kr/,2026-08-17,hanjoon,true,,303,56.0,624,2024,,서울특별시 마포구 연남동 385-12
,,백리곰탕,"서울특별시 마포구 와우산로29길 40-18, 1층 (서교동)",37.555715,126.928188,Korean - 한식,,public_data,https://www.localdata.go.kr/,2026-08-17,hanjoon,true,,304,55.85,486,2026,,서울특별시 마포구 서교동 328-39
,,일일국밥 서교점,"서울특별시 마포구 와우산로29길 4-26, 1층 101호 (서교동)",37.555029,126.929585,Korean - 한식,,public_data,https://www.localdata.go.kr/,2026-08-17,hanjoon,true,,305,55.76,657,2026,,서울특별시 마포구 서교동 327-43
,,따순밥 꼬순전,"서울특별시 마포구 동교로27길 77 (연남동, 1층일부)",37.561007,126.920191,Korean - 한식,,public_data,https://www.localdata.go.kr/,2026-08-17,hanjoon,true,,306,55.57,614,2014,,서울특별시 마포구 연남동 562-27 1층일부
,,혼고집,"서울특별시 마포구 동교로30길 1, 1층 (동교동)",37.560703,126.924536,Korean - 한식,,public_data,https://www.localdata.go.kr/,2026-08-17,hanjoon,true,,307,55.5,415,2018,,서울특별시 마포구 동교동 149-1
,,윤수네출출할때,"서울특별시 마포구 동교로 216, 1층,2층 (동교동)",37.559245,126.923866,Korean - 한식,,public_data,https://www.localdata.go.kr/,2026-08-17,hanjoon,true,,308,55.41,250,2016,,서울특별시 마포구 동교동 152-28
,,옥쯔,"서울특별시 마포구 와우산로 171, 1층 (동교동)",37.556155,126.930933,Korean - 한식,,public_data,https://www.localdata.go.kr/,2026-08-17,hanjoon,true,,309,55.29,775,2025,,서울특별시 마포구 동교동 182-4
,,옥쯔,"서울특별시 마포구 와우산로 171, 1층 (동교동)",37.556155,126.930933,Korean - 한식,,public_data,https://www.localdata.go.kr/,2026-08-17,hanjoon,true,,310,55.29,775,2025,,서울특별시 마포구 동교동 182-4
,,고기살롱,"서울특별시 마포구 월드컵북로6길 60, 1층 (동교동)",37.559274,126.921659,Korean - 한식,,public_data,https://www.localdata.go.kr/,2026-08-17,hanjoon,true,,311,55.0,362,2017,,서울특별시 마포구 동교동 204-57 1층
,,황곱,"서울특별시 마포구 어울마당로 149, 2층 (동교동)",37.556721,126.926387,Korean - 한식,,public_data,https://www.localdata.go.kr/,2026-08-17,hanjoon,true,,312,54.66,267,2024,,서울특별시 마포구 동교동 170-23
,,벤코크(vencoch),"서울특별시 마포구 동교로38길 9, 3,4층 (연남동)",37.562068,126.924813,Korean - 한식,,public_data,https://www.localdata.go.kr/,2026-08-17,hanjoon,true,,313,54.33,570,2019,,"서울특별시 마포구 연남동 390-94 3,4층"
,,스피릿 코어 랩,"서울특별시 마포구 동교로32길 10, 1층 (연남동)",37.560625,126.924754,Korean - 한식,,public_data,https://www.localdata.go.kr/,2026-08-17,hanjoon,true,,314,54.11,411,2026,,서울특별시 마포구 연남동 260-56
,,김숙성 홍대점,"서울특별시 마포구 홍익로3길 32, 1층 일부호 (서교동)",37.553086,126.921591,Korean - 한식,,public_data,https://www.localdata.go.kr/,2026-08-17,hanjoon,true,,315,54.0,510,2024,,서울특별시 마포구 서교동 357-2
,,제주아홉 혼술바 서울홍대점,"서울특별시 마포구 동교로38안길 7, 지층 (연남동)",37.562189,126.924671,Korean - 한식,,public_data,https://www.localdata.go.kr/,2026-08-17,hanjoon,true,,316,53.97,581,2025,,서울특별시 마포구 연남동 390-67
,,무채색,"서울특별시 마포구 연희로1길 38, 4층 (동교동)",37.560589,126.925807,Korean - 한식,,public_data,https://www.localdata.go.kr/,2026-08-17,hanjoon,true,,317,53.77,446,2023,,서울특별시 마포구 동교동 113-24
,,야키토리 고꼬 연남,"서울특별시 마포구 성미산로26길 41, 1층 101호 (연남동)",37.562189,126.923476,Korean - 한식,,public_data,https://www.localdata.go.kr/,2026-08-17,hanjoon,true,,318,53.45,579,2014,02-323-0723,서울특별시 마포구 연남동 257-7 1층 101호
,,주식회사 연남족발1987 연남본점,"서울특별시 마포구 동교로 222 (동교동,1층)",37.559802,126.923977,Korean - 한식,,public_data,https://www.localdata.go.kr/,2026-08-17,hanjoon,true,,319,53.17,311,1992,023361085,서울특별시 마포구 동교동 152-23 1층
,,한솥도시락 홍대서교점,"서울특별시 마포구 와우산로29길 34, 1층 101호 (서교동)",37.555452,126.928254,Korean - 한식,,public_data,https://www.localdata.go.kr/,2026-08-17,hanjoon,true,,320,53.12,502,2023,,서울특별시 마포구 서교동 328-22
,,뚝닭 홍대,"서울특별시 마포구 홍익로6길 44, 1층 (동교동)",37.556028,126.923989,Korean - 한식,,public_data,https://www.localdata.go.kr/,2026-08-17,hanjoon,true,,321,53.04,108,2014,,서울특별시 마포구 동교동 164-19 1층
,,키친구 Keychingu,"서울특별시 마포구 와우산로 162-4, 1층 (서교동)",37.555182,126.930736,Korean - 한식,,public_data,https://www.localdata.go.kr/,2026-08-17,hanjoon,true,,322,52.78,774,2016,,서울특별시 마포구 서교동 325-2
,,월강돼지국밥,서울특별시 마포구 동교로 241-1 (연남동),37.561589,126.924127,Korean - 한식,,public_data,https://www.localdata.go.kr/,2026-08-17,hanjoon,true,,323,52.7,510,2002,02-325-4545,서울특별시 마포구 연남동 258-14
,,월강돼지국밥,서울특별시 마포구 동교로 241-1 (연남동),37.561589,126.924127,Korean - 한식,,public_data,https://www.localdata.go.kr/,2026-08-17,hanjoon,true,,324,52.7,510,2002,02-325-4545,서울특별시 마포구 연남동 258-14
,,시실리,"서울특별시 마포구 성미산로 194, 대원빌딩 1층 일부호 (연남동)",37.562705,126.926381,Korean - 한식,,public_data,https://www.localdata.go.kr/,2026-08-17,hanjoon,true,,325,52.65,686,2023,,서울특별시 마포구 연남동 227-22 대원빌딩
,,샵벤또,"서울특별시 마포구 어울마당로 98, 2층 (서교동)",37.553648,126.922289,Korean - 한식,,public_data,https://www.localdata.go.kr/,2026-08-17,hanjoon,true,,326,52.42,418,2026,,서울특별시 마포구 서교동 358-67
,,미로식당,"서울특별시 마포구 와우산로30길 80 (창전동, 1층)",37.552055,126.927887,Korean - 한식,,public_data,https://www.localdata.go.kr/,2026-08-17,hanjoon,true,,327,52.39,698,2011,,서울특별시 마포구 창전동 6-99 1층
,,샤브로21 연남,"서울특별시 마포구 양화로19길 22-13, 1층 101호 (동교동)",37.558868,126.924251,Korean - 한식,,public_data,https://www.localdata.go.kr/,2026-08-17,hanjoon,true,,328,52.0,209,2022,,서울특별시 마포구 동교동 153-5
,,종로계림닭도리탕원조(연남점),"서울특별시 마포구 동교로38길 33, 지빌딩 1층 102호 (연남동)",37.561497,126.925734,Korean - 한식,,public_data,https://www.localdata.go.kr/,2026-08-17,hanjoon,true,,329,52.0,535,2020,,서울특별시 마포구 연남동 390-35 지빌딩
,,육쌈냉면,"서울특별시 마포구 와우산로23길 35, 2층 (서교동)",37.554398,126.923458,Korean - 한식,,public_data,https://www.localdata.go.kr/,2026-08-17,hanjoon,true,,330,51.69,295,1996,02-3142-0637,서울특별시 마포구 서교동 345-27
,,영천 얼큰 돼지국밥 마포구직영점,"서울특별시 마포구 와우산로27길 6, 1층 우측호 (서교동)",37.553915,126.927976,Korean - 한식,,public_data,https://www.localdata.go.kr/,2026-08-17,hanjoon,true,,331,51.41,559,2026,,서울특별시 마포구 서교동 337-16
,,쟁반집8292,"서울특별시 마포구 와우산로29길 66 (서교동,(1층))",37.55631,126.926684,Korean - 한식,,public_data,https://www.localdata.go.kr/,2026-08-17,hanjoon,true,,332,51.37,308,2001,02-326-2236,서울특별시 마포구 서교동 330-16 (1층)
,,쟁반집8292,"서울특별시 마포구 와우산로29길 66 (서교동,(1층))",37.55631,126.926684,Korean - 한식,,public_data,https://www.localdata.go.kr/,2026-08-17,hanjoon,true,,333,51.37,308,2001,02-326-2236,서울특별시 마포구 서교동 330-16 (1층)
,,김덕후의곱창조홍대3호점,"서울특별시 마포구 양화로16길 21 (서교동, 1층일부)",37.553188,126.920783,Korean - 한식,,public_data,https://www.localdata.go.kr/,2026-08-17,hanjoon,true,,334,50.94,554,2015,02-332-9997,서울특별시 마포구 서교동 355-12 1층일부
,,평화연남,"서울특별시 마포구 동교로 254-1, 1층 (연남동)",37.562507,126.924751,Korean - 한식,,public_data,https://www.localdata.go.kr/,2026-08-17,hanjoon,true,,335,50.76,617,2021,,서울특별시 마포구 연남동 228-41
,,황곱,"서울특별시 마포구 어울마당로 149 (동교동, 1층)",37.556721,126.926387,Korean - 한식,,public_data,https://www.localdata.go.kr/,2026-08-17,hanjoon,true,,336,50.42,267,2012,,서울특별시 마포구 동교동 170-23
,,더파이브올스,"서울특별시 마포구 와우산로29길 26-5 (서교동, 지하1층)",37.555458,126.928477,Korean - 한식,,public_data,https://www.localdata.go.kr/,2026-08-17,hanjoon,true,,337,50.28,526,2009,02-322-3966,서울특별시 마포구 서교동 328-49
,,맛 김치 생삼겹살,"서울특별시 마포구 동교로27길 29, SJ2049 1층 (동교동)",37.559259,126.92192,Korean - 한식,,public_data,https://www.localdata.go.kr/,2026-08-17,hanjoon,true,,338,50.0,341,2023,,서울특별시 마포구 동교동 204-9 SJ2049
,,낙곱새미장원홍대점,"서울특별시 마포구 월드컵북로4길 13 (동교동, 1층)",37.557104,126.92049,Korean - 한식,,public_data,https://www.localdata.go.kr/,2026-08-17,hanjoon,true,,339,50.0,390,2011,,서울특별시 마포구 동교동 203-18
,,장독대,"서울특별시 마포구 월드컵북로5길 21, 1층 (서교동)",37.556887,126.917735,Korean - 한식,,public_data,https://www.localdata.go.kr/,2026-08-17,hanjoon,true,,340,50.0,695,2019,,서울특별시 마포구 서교동 448-1
,,향미,"서울특별시 마포구 홍익로 3-24 (서교동, 지하1층)",37.55292,126.923335,Korean - 한식,,public_data,https://www.localdata.go.kr/,2026-08-17,hanjoon,true,,341,49.98,459,2000,02-3141-3195,서울특별시 마포구 서교동 358-95
,,풍년식당,"서울특별시 마포구 동교로 264, 1층 (연남동)",37.563036,126.925372,Korean - 한식,,public_data,https://www.localdata.go.kr/,2026-08-17,hanjoon,true,,342,49.84,687,2004,02-322-5818,서울특별시 마포구 연남동 228-21
,,이지스테이,"서울특별시 마포구 와우산로 125, 6층 (서교동)",37.553636,126.927483,Korean - 한식,,public_data,https://www.localdata.go.kr/,2026-08-17,hanjoon,true,,343,49.67,538,2025,,서울특별시 마포구 서교동 338-52
,,감정선프로젝트 베이킹 연남점,"서울특별시 마포구 동교로27길 83, 2층 2-1호 (연남동)",37.561201,126.920008,Korean - 한식,,public_data,https://www.localdata.go.kr/,2026-08-17,hanjoon,true,,344,49.6,643,2024,,서울특별시 마포구 연남동 562-26
,,무국적식탁 홍대점,"서울특별시 마포구 어울마당로 153-3, 2층 (동교동)",37.556903,126.926817,Korean - 한식,,public_data,https://www.localdata.go.kr/,2026-08-17,hanjoon,true,,345,49.0,313,2022,,서울특별시 마포구 동교동 170-10
,,해달밥술,"서울특별시 마포구 동교로30길 17-1, 지층 (동교동)",37.560288,126.925157,Korean - 한식,,public_data,https://www.localdata.go.kr/,2026-08-17,hanjoon,true,,346,49.0,387,2022,,서울특별시 마포구 동교동 149-11
,,브론시스(BRONSIS),"서울특별시 마포구 연희로1길 57 (연남동, 지1층)",37.56139,126.926348,Korean - 한식,,public_data,https://www.localdata.go.kr/,2026-08-17,hanjoon,true,,347,49.0,553,2016,,서울특별시 마포구 연남동 383-23 지1층
,,풍년식당,"서울특별시 마포구 월드컵북로 47 (서교동,1층)",37.558358,126.917679,Korean - 한식,,public_data,https://www.localdata.go.kr/,2026-08-17,hanjoon,true,,348,48.35,718,2005,,서울특별시 마포구 서교동 449-4 1층
,,옛날집,서울특별시 마포구 양화로18안길 26 (동교동),37.55658,126.925699,Korean - 한식,,public_data,https://www.localdata.go.kr/,2026-08-17,hanjoon,true,,349,48.24,194,2001,02-3141-9608,서울특별시 마포구 동교동 169-6 (1층)
,,연남 흑돼지,"서울특별시 마포구 동교로32길 3, 1층 (연남동)",37.560836,126.924544,Korean - 한식,,public_data,https://www.localdata.go.kr/,2026-08-17,hanjoon,true,,350,48.0,430,2017,,서울특별시 마포구 연남동 260-52
,,큐어서울 (Cure Seoul),"서울특별시 마포구 신촌로2안길 20, 1층 102호 (동교동)",37.557228,126.928111,Korean - 한식,,public_data,https://www.localdata.go.kr/,2026-08-17,hanjoon,true,,351,48.0,457,2026,,서울특별시 마포구 동교동 176-20
,,리플리,"서울특별시 마포구 동교로46길 7, 지층 B02호 (연남동)",37.56273,126.925361,Korean - 한식,,public_data,https://www.localdata.go.kr/,2026-08-17,hanjoon,true,,352,48.0,654,2025,,서울특별시 마포구 연남동 387-19
,,핑크스 룸&루프탑,"서울특별시 마포구 잔다리로6길 39, 4층 (서교동)",37.552446,126.921353,Korean - 한식,,public_data,https://www.localdata.go.kr/,2026-08-17,hanjoon,true,,353,47.84,585,2022,,서울특별시 마포구 서교동 369-5
,,연남광안리 숙성횟집,"서울특별시 마포구 동교로 258-1, 1층 (연남동)",37.562768,126.925036,Korean - 한식,,public_data,https://www.localdata.go.kr/,2026-08-17,hanjoon,true,,354,47.84,650,2020,,서울특별시 마포구 연남동 228-28
,,레드브릭,"서울특별시 마포구 와우산로29라길 20, 지1층 우측호 (서교동)",37.555048,126.926817,Korean - 한식,,public_data,https://www.localdata.go.kr/,2026-08-17,hanjoon,true,,355,47.2,380,2026,,서울특별시 마포구 서교동 333-13
,,돈주는남자,"서울특별시 마포구 잔다리로6길 34-9, 1층 (서교동)",37.551949,126.921099,Korean - 한식,,public_data,https://www.localdata.go.kr/,2026-08-17,hanjoon,true,,356,47.0,647,2004,,서울특별시 마포구 서교동 366-2
,,두찜 홍대입구역점,"서울특별시 마포구 월드컵북로7길 11, 1층 (서교동)",37.558061,126.917233,Korean - 한식,,public_data,https://www.localdata.go.kr/,2026-08-17,hanjoon,true,,357,47.0,760,2021,,서울특별시 마포구 서교동 449-1
,,후레쉬,"서울특별시 마포구 연남로1길 37, 1층 101호 (연남동, 호산나빌)",37.559944,126.921206,Korean - 한식,,public_data,https://www.localdata.go.kr/,2026-08-17,hanjoon,true,,358,46.86,451,2013,,서울특별시 마포구 연남동 568-20
,,홍사노가리,"서울특별시 마포구 어울마당로 149-3, 1층 (동교동)",37.556829,126.926458,Korean - 한식,,public_data,https://www.localdata.go.kr/,2026-08-17,hanjoon,true,,359,46.78,274,2012,,서울특별시 마포구 동교동 170-20
,,헬로헬로,"서울특별시 마포구 와우산로29바길 12 (서교동,지1층 오른쪽)",37.55591,126.926003,Korean - 한식,,public_data,https://www.localdata.go.kr/,2026-08-17,hanjoon,true,,360,46.35,253,2009,,서울특별시 마포구 서교동 331-4 지1층 오른쪽
,,모꼬지,"서울특별시 마포구 동교로27길 22, 1층 우측호 (동교동)",37.559155,126.922422,Korean - 한식,,public_data,https://www.localdata.go.kr/,2026-08-17,hanjoon,true,,361,46.3,296,2022,,서울특별시 마포구 동교동 197-4
,,숯불설레임,"서울특별시 마포구 와우산로29라길 19, 지1층 왼쪽호 (서교동)",37.554966,126.927003,Korean - 한식,,public_data,https://www.localdata.go.kr/,2026-08-17,hanjoon,true,,362,46.28,403,2020,,서울특별시 마포구 서교동 334-19
,,밍키친,"서울특별시 마포구 와우산로29라길 7, 지하1층 일부 1호 (서교동)",37.555425,126.927399,Korean - 한식,,public_data,https://www.localdata.go.kr/,2026-08-17,hanjoon,true,,363,46.2,416,2023,,서울특별시 마포구 서교동 334-23
,,고랭,"서울특별시 마포구 월드컵북로5길 22 (서교동,1층)",37.557097,126.917472,Korean - 한식,,public_data,https://www.localdata.go.kr/,2026-08-17,hanjoon,true,,364,46.2,725,2007,,서울특별시 마포구 서교동 449-43 1층
,,화담,"서울특별시 마포구 와우산로29바길 11-3, 1층 102호 (서교동)",37.555791,126.926263,Korean - 한식,,public_data,https://www.localdata.go.kr/,2026-08-17,hanjoon,true,,365,46.0,285,2021,,서울특별시 마포구 서교동 332-27
,,바다약방,"서울특별시 마포구 동교로 266-11, 1층 102호 (연남동)",37.56292,126.92597,Korean - 한식,,public_data,https://www.localdata.go.kr/,2026-08-17,hanjoon,true,,366,46.0,693,2020,,서울특별시 마포구 연남동 228-3
,,공차홍대창전점,"서울특별시 마포구 서강로9길 60, 지하1층 일부호 (창전동)",37.554644,126.930549,Korean - 한식,,public_data,https://www.localdata.go.kr/,2026-08-17,hanjoon,true,,367,46.0,773,1994,02-3143-0667,서울특별시 마포구 창전동 5-138
,,곤로,"서울특별시 마포구 동교로39길 9 (연남동, 지1층)",37.561996,126.923936,Korean - 한식,,public_data,https://www.localdata.go.kr/,2026-08-17,hanjoon,true,,368,45.88,555,2016,,서울특별시 마포구 연남동 258-10 지1층
,,제로슈가 다이어트 식당 제로로,"서울특별시 마포구 홍익로 10, 101동 1층 113-1,113-2호 (서교동, 서교푸르지오)",37.553794,126.923694,Korean - 한식,,public_data,https://www.localdata.go.kr/,2026-08-17,hanjoon,true,,369,45.34,358,2025,,서울특별시 마포구 서교동 486 서교푸르지오
,,이대포사골부대찌개,서울특별시 마포구 와우산로29라길 12 (서교동),37.555291,126.927028,Korean - 한식,,public_data,https://www.localdata.go.kr/,2026-08-17,hanjoon,true,,370,45.0,386,2011,02-322-6502,서울특별시 마포구 서교동 333-10 지하1층 일부
,,냉면맛집 홍대점,"서울특별시 마포구 와우산로 64, 2층 202호 (상수동)",37.550241,126.923286,Korean - 한식,,public_data,https://www.localdata.go.kr/,2026-08-17,hanjoon,true,,371,45.0,754,2026,,서울특별시 마포구 상수동 86-22
,,연:덮,서울특별시 마포구 동교로27길 82 (연남동),37.561255,126.920277,Korean - 한식,,public_data,https://www.localdata.go.kr/,2026-08-17,hanjoon,true,,372,44.87,628,1995,02-3143-1275,서울특별시 마포구 연남동 561-2
,,798화로 홍대본점,"서울특별시 마포구 와우산로29마길 6 (서교동, 지1층일부)",37.555844,126.926716,Korean - 한식,,public_data,https://www.localdata.go.kr/,2026-08-17,hanjoon,true,,373,44.39,328,2015,,서울특별시 마포구 서교동 332-5 지1층일부(왼쪽)
,,홍대 호랑,"서울특별시 마포구 와우산로29다길 10, 1층 201호 (서교동)",37.555114,126.927647,Korean - 한식,,public_data,https://www.localdata.go.kr/,2026-08-17,hanjoon,true,,374,44.19,456,2022,,서울특별시 마포구 서교동 334-6
,,장인닭갈비 홍대2호점,"서울특별시 마포구 어울마당로 111-1 (동교동, 2층)",37.554915,126.922828,Korean - 한식,,public_data,https://www.localdata.go.kr/,2026-08-17,hanjoon,true,,375,44.07,265,2006,31428088,서울특별시 마포구 동교동 163-6
,,숲,"서울특별시 마포구 동교로46길 34, 지1층 (연남동)",37.562168,126.926497,Korean - 한식,,public_data,https://www.localdata.go.kr/,2026-08-17,hanjoon,true,,376,43.92,637,2014,,서울특별시 마포구 연남동 227-13 지1층
,,씽씽 닭꼬치,"서울특별시 마포구 동교로34길 12, 지1층 일부우측호 (연남동)",37.560911,126.924944,Korean - 한식,,public_data,https://www.localdata.go.kr/,2026-08-17,hanjoon,true,,377,43.5,447,2023,,서울특별시 마포구 연남동 260-41
,,더 단단,"서울특별시 마포구 동교로 266-5, 지1층 (연남동)",37.56314,126.925741,Korean - 한식,,public_data,https://www.localdata.go.kr/,2026-08-17,hanjoon,true,,378,43.5,708,2014,,서울특별시 마포구 연남동 228-9 지1층
,,헬로팬 홍대점,"서울특별시 마포구 와우산로29라길 21, 지층 102호 (서교동)",37.554854,126.926905,Korean - 한식,,public_data,https://www.localdata.go.kr/,2026-08-17,hanjoon,true,,379,43.0,401,2025,,서울특별시 마포구 서교동 334-18
,,대한수제비 파전나라,"서울특별시 마포구 양화로16길 21, 1층 일부호 (서교동)",37.553188,126.920783,Korean - 한식,,public_data,https://www.localdata.go.kr/,2026-08-17,hanjoon,true,,380,42.94,554,2021,,서울특별시 마포구 서교동 355-12
,,삼청당 홍대본점,"서울특별시 마포구 와우산로 116, 창전빌딩 지하1층 (창전동)",37.553085,126.926238,Korean - 한식,,public_data,https://www.localdata.go.kr/,2026-08-17,hanjoon,true,,381,42.0,501,2021,,서울특별시 마포구 창전동 6-177 창전빌딩
,,연남장어,"서울특별시 마포구 동교로38길 16, 1층 (연남동)",37.561934,126.925153,Korean - 한식,,public_data,https://www.localdata.go.kr/,2026-08-17,hanjoon,true,,382,41.76,562,2025,,서울특별시 마포구 연남동 390-78
,,엘비스텍(EL bistec),"서울특별시 마포구 연남로1길 26 (연남동, 지1층일부)",37.560404,126.921605,Korean - 한식,,public_data,https://www.localdata.go.kr/,2026-08-17,hanjoon,true,,383,41.4,462,2015,,서울특별시 마포구 연남동 566-12 지1층일부
,,작가식당,"서울특별시 마포구 동교로27길 74 (연남동, 1층 일부)",37.560915,126.920598,Korean - 한식,,public_data,https://www.localdata.go.kr/,2026-08-17,hanjoon,true,,384,41.22,576,2012,,서울특별시 마포구 연남동 561-6
,,목로관,"서울특별시 마포구 어울마당로 126 (서교동,1층)",37.555569,126.924088,Korean - 한식,,public_data,https://www.localdata.go.kr/,2026-08-17,hanjoon,true,,385,41.21,159,2003,02-334-2234,서울특별시 마포구 서교동 346-45 1층
,,목로관,"서울특별시 마포구 어울마당로 126 (서교동,1층)",37.555569,126.924088,Korean - 한식,,public_data,https://www.localdata.go.kr/,2026-08-17,hanjoon,true,,386,41.21,159,2003,02-334-2234,서울특별시 마포구 서교동 346-45 1층
,,왕가토요닭,"서울특별시 마포구 어울마당로 136-13, 1층 102호 (서교동)",37.555769,126.925708,Korean - 한식,,public_data,https://www.localdata.go.kr/,2026-08-17,hanjoon,true,,387,41.0,234,2009,070-7585-1975,서울특별시 마포구 서교동 331-9
,,더휴식 아늑 홍대지점,"서울특별시 마포구 동교로 162-7 (서교동, 지하1층 일부)",37.555547,126.92036,Korean - 한식,,public_data,https://www.localdata.go.kr/,2026-08-17,hanjoon,true,,388,41.0,435,2013,,서울특별시 마포구 서교동 351-29
,,카시,"서울특별시 마포구 동교로34길 12 (연남동, 지하1층일부)",37.560911,126.924944,Korean - 한식,,public_data,https://www.localdata.go.kr/,2026-08-17,hanjoon,true,,389,40.0,447,2015,02-322-4742,서울특별시 마포구 연남동 260-41 지하1층일부좌측
,,바다생고기,"서울특별시 마포구 와우산로29나길 7, 지1층 3호 (서교동)",37.554804,126.928416,Korean - 한식,,public_data,https://www.localdata.go.kr/,2026-08-17,hanjoon,true,,390,40.0,547,2019,,서울특별시 마포구 서교동 336-23
,,참국밥 마포구직영점,"서울특별시 마포구 와우산로27길 6, 1층 좌측호 (서교동)",37.553915,126.927976,Korean - 한식,,public_data,https://www.localdata.go.kr/,2026-08-17,hanjoon,true,,391,40.0,559,2026,,서울특별시 마포구 서교동 337-16
,,청평식당,"서울특별시 마포구 월드컵북로5길 21, 1층 103호 (서교동)",37.556887,126.917735,Korean - 한식,,public_data,https://www.localdata.go.kr/,2026-08-17,hanjoon,true,,392,40.0,695,2024,,서울특별시 마포구 서교동 448-1
,,치프샌드(chief sand),"서울특별시 마포구 와우산로30길 13, 1층 103호 (창전동)",37.554168,126.929966,Korean - 한식,,public_data,https://www.localdata.go.kr/,2026-08-17,hanjoon,true,,393,40.0,733,2024,,서울특별시 마포구 창전동 5-78
,,소굴,"서울특별시 마포구 양화로18안길 18 (동교동, 지1층)",37.556686,126.9256,Korean - 한식,,public_data,https://www.localdata.go.kr/,2026-08-17,hanjoon,true,,394,39.9,181,2007,02-338-3014,서울특별시 마포구 동교동 169-25
,,동교해물,"서울특별시 마포구 양화로18안길 18 (동교동, 1층)",37.556686,126.9256,Korean - 한식,,public_data,https://www.localdata.go.kr/,2026-08-17,hanjoon,true,,395,39.9,181,2012,,서울특별시 마포구 동교동 169-25
,,고등애,"서울특별시 마포구 동교로 182-3 (동교동, 1층)",37.556771,126.92216,Korean - 한식,,public_data,https://www.localdata.go.kr/,2026-08-17,hanjoon,true,,396,39.74,206,1985,02-334-7612,서울특별시 마포구 동교동 158-9
,,마포곱창 홍대점2,"서울특별시 마포구 어울마당로 141-3, 1층 (동교동)",37.556544,126.925564,Korean - 한식,,public_data,https://www.localdata.go.kr/,2026-08-17,hanjoon,true,,397,39.67,181,2018,,서울특별시 마포구 동교동 169-7
,,고래국수,"서울특별시 마포구 와우산로29길 27, 1층 103호 (서교동)",37.555111,126.928247,Korean - 한식,,public_data,https://www.localdata.go.kr/,2026-08-17,hanjoon,true,,398,39.66,516,2025,,서울특별시 마포구 서교동 335-4
,,명호야,"서울특별시 마포구 월드컵북로4길 59 (동교동, 1층일부)",37.558674,126.922183,Korean - 한식,,public_data,https://www.localdata.go.kr/,2026-08-17,hanjoon,true,,399,39.5,274,2017,,서울특별시 마포구 동교동 204-34 1층일부
,,명호야,"서울특별시 마포구 월드컵북로4길 59 (동교동, 1층일부)",37.558674,126.922183,Korean - 한식,,public_data,https://www.localdata.go.kr/,2026-08-17,hanjoon,true,,400,39.5,274,2017,,서울특별시 마포구 동교동 204-34 1층일부
,,(주)윗유어스 철길부산집 숲길점,"서울특별시 마포구 와우산로38길 4, 지1층 (동교동)",37.555515,126.930965,Korean - 한식,,public_data,https://www.localdata.go.kr/,2026-08-17,hanjoon,true,,401,39.27,791,2021,070-4226-6510,서울특별시 마포구 동교동 188-2
,,(주)윗유어스 정백탄 혼신꼬치 본점,"서울특별시 마포구 와우산로38길 4, 지층 일부층 (동교동)",37.555515,126.930965,Korean - 한식,,public_data,https://www.localdata.go.kr/,2026-08-17,hanjoon,true,,402,39.27,791,2022,070-4226-6510,서울특별시 마포구 동교동 188-2
,,동꾼,"서울특별시 마포구 동교로22길 19 (서교동, 1층)",37.554662,126.91885,Korean - 한식,,public_data,https://www.localdata.go.kr/,2026-08-17,hanjoon,true,,403,39.2,628,1998,023235451,서울특별시 마포구 서교동 375-1
,,금수족발,"서울특별시 마포구 동교로38길 26-6, 1층 (연남동)",37.561744,126.925262,Korean - 한식,,public_data,https://www.localdata.go.kr/,2026-08-17,hanjoon,true,,404,39.12,545,2025,,서울특별시 마포구 연남동 390-84
,,철길부산집 홍대점,"서울특별시 마포구 양화로16길 34, 1층 101호 (서교동)",37.552873,126.921331,Korean - 한식,,public_data,https://www.localdata.go.kr/,2026-08-17,hanjoon,true,,405,39.03,546,2023,,서울특별시 마포구 서교동 369-41
,,천사곱창,"서울특별시 마포구 와우산로21길 36-4 (서교동, 1층일부)",37.552548,126.922007,Korean - 한식,,public_data,https://www.localdata.go.kr/,2026-08-17,hanjoon,true,,406,39.0,541,2016,,서울특별시 마포구 서교동 358-68 1층일부
,,포옹남 홍대,"서울특별시 마포구 홍익로3길 11 (서교동, 2층)",37.553813,126.922137,Korean - 한식,,public_data,https://www.localdata.go.kr/,2026-08-17,hanjoon,true,,407,38.9,410,1998,,서울특별시 마포구 서교동 365-5
,,무채색 연남,"서울특별시 마포구 연희로1길 38, 5층 (동교동)",37.560589,126.925807,Korean - 한식,,public_data,https://www.localdata.go.kr/,2026-08-17,hanjoon,true,,408,38.64,446,2023,,서울특별시 마포구 동교동 113-24
,,유앤미 딜리버리,"서울특별시 마포구 홍익로5길 25, 지하2층 (서교동)",37.553781,126.921075,Korean - 한식,,public_data,https://www.localdata.go.kr/,2026-08-17,hanjoon,true,,409,38.35,483,2025,,서울특별시 마포구 서교동 355-27
,,오모테나시,"서울특별시 마포구 월드컵북로2길 82 (동교동, 1층)",37.558163,126.924603,Korean - 한식,,public_data,https://www.localdata.go.kr/,2026-08-17,hanjoon,true,,410,38.25,145,1998,02-322-1424,서울특별시 마포구 동교동 155-20
,,윅스(weXX),"서울특별시 마포구 동교로34길 3, 3층 (연남동)",37.561054,126.924551,Korean - 한식,,public_data,https://www.localdata.go.kr/,2026-08-17,hanjoon,true,,411,38.18,454,2025,,서울특별시 마포구 연남동 260-31
,,합정영양탕,"서울특별시 마포구 월드컵북로1길 72 (서교동,1층)",37.553385,126.917938,Korean - 한식,,public_data,https://www.localdata.go.kr/,2026-08-17,hanjoon,true,,412,37.75,783,1991,02-332-1172,서울특별시 마포구 서교동 376-8 1층
,,원당감자탕 동교점,"서울특별시 마포구 홍익로6길 76 (동교동, 1층)",37.557035,126.925359,Korean - 한식,,public_data,https://www.localdata.go.kr/,2026-08-17,hanjoon,true,,413,37.7,151,2002,02-334-3666,서울특별시 마포구 동교동 168-6
,,우리닭갈비,"서울특별시 마포구 어울마당로 136-5, 지하1층 (서교동)",37.555957,126.92537,Korean - 한식,,public_data,https://www.localdata.go.kr/,2026-08-17,hanjoon,true,,414,37.14,191,2011,,서울특별시 마포구 서교동 331-12
,,유키모찌 연남점,"서울특별시 마포구 동교로 240 (연남동,1층)",37.561298,126.924454,Korean - 한식,,public_data,https://www.localdata.go.kr/,2026-08-17,hanjoon,true,,415,36.73,480,1990,023339921,서울특별시 마포구 연남동 260-28 1층
,,멘야산다이메,"서울특별시 마포구 홍익로5안길 24, 1층 (서교동)",37.553685,126.921443,Korean - 한식,,public_data,https://www.localdata.go.kr/,2026-08-17,hanjoon,true,,416,36.63,465,1998,02-334-6765,서울특별시 마포구 서교동 355-25
,,킹포테이토,서울특별시 마포구 양화로16길 33 (서교동),37.55312,126.921434,Korean - 한식,,public_data,https://www.localdata.go.kr/,2026-08-17,hanjoon,true,,417,36.58,516,1999,02-325-7863,서울특별시 마포구 서교동 357-3
,,유브유부 연남점,"서울특별시 마포구 동교로38길 11, 신영빌딩 1층 (연남동)",37.562063,126.924889,Korean - 한식,,public_data,https://www.localdata.go.kr/,2026-08-17,hanjoon,true,,418,36.53,571,2023,,서울특별시 마포구 연남동 390-70 신영빌딩
,,명가네가정식,"서울특별시 마포구 동교로19길 66 (서교동, 1층일부)",37.558234,126.916945,Korean - 한식,,public_data,https://www.localdata.go.kr/,2026-08-17,hanjoon,true,,419,36.2,795,2011,,서울특별시 마포구 서교동 247-202 1층일부
,,술든밤,"서울특별시 마포구 동교로27길 21-8, 경윤빌딩 지1층 우측호 (동교동)",37.55894,126.921972,Korean - 한식,,public_data,https://www.localdata.go.kr/,2026-08-17,hanjoon,true,,420,36.0,312,2022,,서울특별시 마포구 동교동 204-55 경윤빌딩
,,국숯집,"서울특별시 마포구 동교로34길 21, 지1층 우측호 (연남동)",37.560838,126.925557,Korean - 한식,,public_data,https://www.localdata.go.kr/,2026-08-17,hanjoon,true,,421,36.0,460,2022,,서울특별시 마포구 연남동 381-5
,,슬로우캘리,"서울특별시 마포구 동교로38길 35 (연남동, 1층일부)",37.561337,126.925792,Korean - 한식,,public_data,https://www.localdata.go.kr/,2026-08-17,hanjoon,true,,422,36.0,521,2017,,서울특별시 마포구 연남동 390-42
,,국일순대국,"서울특별시 마포구 월드컵북로5길 22, 1층 (서교동)",37.557097,126.917472,Korean - 한식,,public_data,https://www.localdata.go.kr/,2026-08-17,hanjoon,true,,423,36.0,725,2021,,서울특별시 마포구 서교동 449-43
,,코리아,"서울특별시 마포구 연희로 35 (연남동,1층)",37.561954,126.926973,Korean - 한식,,public_data,https://www.localdata.go.kr/,2026-08-17,hanjoon,true,,424,35.6,641,1984,023220885,서울특별시 마포구 연남동 227-1 1층
,,남북통일,"서울특별시 마포구 동교로18길 37, 1층동 (서교동)",37.553819,126.91795,Korean - 한식,,public_data,https://www.localdata.go.kr/,2026-08-17,hanjoon,true,,425,35.38,759,1994,0231414113,서울특별시 마포구 서교동 375-26 1층동
,,시골식당,서울특별시 마포구 성미산로 102 (연남동),37.561537,126.918613,Korean - 한식,,public_data,https://www.localdata.go.kr/,2026-08-17,hanjoon,true,,426,34.86,782,2002,02-336-3259,서울특별시 마포구 연남동 493-31
,,바로키친,"서울특별시 마포구 와우산로35길 9-11, 지하1층 2호 (서교동)",37.555548,126.929439,Korean - 한식,,public_data,https://www.localdata.go.kr/,2026-08-17,hanjoon,true,,427,34.38,625,2023,,서울특별시 마포구 서교동 326-22
,,행복은간장밥 홍익대점,"서울특별시 마포구 홍익로 10, 상가 1층 101동 116호 (서교동, 서교푸르지오)",37.553794,126.923694,Korean - 한식,,public_data,https://www.localdata.go.kr/,2026-08-17,hanjoon,true,,428,33.7,358,2023,,서울특별시 마포구 서교동 486 서교푸르지오
,,소제이연남점,"서울특별시 마포구 성미산로 195, 1층 105호 (연남동)",37.562754,126.926857,Korean - 한식,,public_data,https://www.localdata.go.kr/,2026-08-17,hanjoon,true,,429,33.4,713,2014,,서울특별시 마포구 연남동 226-29
,,연남오뎅,"서울특별시 마포구 동교로 262-13, 지층 좌측호 (연남동)",37.56267,126.925797,Korean - 한식,,public_data,https://www.localdata.go.kr/,2026-08-17,hanjoon,true,,430,33.25,660,2023,,서울특별시 마포구 연남동 387-8
,,마콘도,"서울특별시 마포구 홍익로6길 48, 지층 제1호 (동교동)",37.556201,126.924242,Korean - 한식,,public_data,https://www.localdata.go.kr/,2026-08-17,hanjoon,true,,431,33.0,93,2022,,서울특별시 마포구 동교동 164-22
,,글렌(GLEN),"서울특별시 마포구 월드컵북로2길 85 (동교동, 1층일부)",37.55839,126.924534,Korean - 한식,,public_data,https://www.localdata.go.kr/,2026-08-17,hanjoon,true,,432,33.0,165,2014,,서울특별시 마포구 동교동 154-12 1층일부(정면바라보고왼쪽)
,,맡기다,"서울특별시 마포구 동교로38길 12, 지층 우측호 (연남동)",37.561894,126.924962,Korean - 한식,,public_data,https://www.localdata.go.kr/,2026-08-17,hanjoon,true,,433,33.0,554,2022,,서울특별시 마포구 연남동 260-2
,,청백,"서울특별시 마포구 동교로 266-8, 維豪-위호 1층 우측 102호 (연남동)",37.562992,126.925652,Korean - 한식,,public_data,https://www.localdata.go.kr/,2026-08-17,hanjoon,true,,434,33.0,690,2024,,서울특별시 마포구 연남동 387-4 維豪-위호
,,연가정,"서울특별시 마포구 동교로22길 38, 1층 우측호 (서교동)",37.554326,126.917919,Korean - 한식,,public_data,https://www.localdata.go.kr/,2026-08-17,hanjoon,true,,435,33.0,737,2022,,서울특별시 마포구 서교동 464-28
,,뼈구이마을 홍대본점,"서울특별시 마포구 홍익로 10, 지하1층 124호 (서교동, 서교푸르지오)",37.553794,126.923694,Korean - 한식,,public_data,https://www.localdata.go.kr/,2026-08-17,hanjoon,true,,436,32.84,358,2025,,서울특별시 마포구 서교동 486 서교푸르지오
,,버거리,"서울특별시 마포구 어울마당로 123-1 (동교동, 1층 일부)",37.55577,126.923796,Korean - 한식,,public_data,https://www.localdata.go.kr/,2026-08-17,hanjoon,true,,437,32.44,138,2001,,서울특별시 마포구 동교동 164-12
,,삼원,"서울특별시 마포구 와우산로21길 21-18, 지하1층 (서교동)",37.551538,126.922253,Korean - 한식,,public_data,https://www.localdata.go.kr/,2026-08-17,hanjoon,true,,438,32.33,637,2020,,서울특별시 마포구 서교동 364-9
,,강명수 아저씨네,"서울특별시 마포구 와우산로32길 5-2, 1층 (서교동)",37.554889,126.930647,Korean - 한식,,public_data,https://www.localdata.go.kr/,2026-08-17,hanjoon,true,,439,32.0,774,2019,,서울특별시 마포구 서교동 325-22
,,오이오이오이 연남점,"서울특별시 마포구 동교로36길 7, 1층 101호 (연남동, 투윤빌딩)",37.561283,126.924717,Korean - 한식,,public_data,https://www.localdata.go.kr/,2026-08-17,hanjoon,true,,440,31.94,482,2025,,서울특별시 마포구 연남동 260-24 투윤빌딩
,,항저우 샤롱바오,"서울특별시 마포구 동교로27길 41 (연남동,(1층))",37.55968,126.921458,Korean - 한식,,public_data,https://www.localdata.go.kr/,2026-08-17,hanjoon,true,,441,31.91,410,1987,,서울특별시 마포구 연남동 568-23 (1층)
,,통뼈 감자탕,"서울특별시 마포구 와우산로 61, 1층 (서교동)",37.550027,126.922884,Korean - 한식,,public_data,https://www.localdata.go.kr/,2026-08-17,hanjoon,true,,442,31.77,784,2019,,서울특별시 마포구 서교동 411-13
,,고집,"서울특별시 마포구 홍익로 3-11, 1층동 (서교동)",37.552797,126.923424,Korean - 한식,,public_data,https://www.localdata.go.kr/,2026-08-17,hanjoon,true,,443,31.74,471,1993,023361967,서울특별시 마포구 서교동 358-94 1층동
,,돈조세,서울특별시 마포구 동교로 254 (연남동),37.562439,126.92465,Korean - 한식,,public_data,https://www.localdata.go.kr/,2026-08-17,hanjoon,true,,444,31.53,608,1999,023221991,서울특별시 마포구 연남동 228-42
,,해미읍성왕꽈배기(홍대점),"서울특별시 마포구 홍익로3길 15, 2층 (서교동)",37.553657,126.92204,Korean - 한식,,public_data,https://www.localdata.go.kr/,2026-08-17,hanjoon,true,,445,31.42,430,2025,,서울특별시 마포구 서교동 365-26
,,미쓰족발2,"서울특별시 마포구 어울마당로 123-1 (동교동, 지하1층)",37.55577,126.923796,Korean - 한식,,public_data,https://www.localdata.go.kr/,2026-08-17,hanjoon,true,,446,31.1,138,2001,02-337-2111,서울특별시 마포구 동교동 164-12
,,홍구삼겹,서울특별시 마포구 와우산로29길 56-11 (서교동),37.556484,126.927337,Korean - 한식,,public_data,https://www.localdata.go.kr/,2026-08-17,hanjoon,true,,447,30.5,375,2012,,서울특별시 마포구 서교동 330-26
,,연남화로굼,"서울특별시 마포구 성미산로 195 (연남동,1층)",37.562754,126.926857,Korean - 한식,,public_data,https://www.localdata.go.kr/,2026-08-17,hanjoon,true,,448,30.3,713,2006,,서울특별시 마포구 연남동 226-29 1층
,,마포곱창 홍대점1,서울특별시 마포구 어울마당로 141-1 (동교동),37.556544,126.925564,Korean - 한식,,public_data,https://www.localdata.go.kr/,2026-08-17,hanjoon,true,,449,30.25,181,2001,,서울특별시 마포구 동교동 169-31
,,마하(Maja),"서울특별시 마포구 신촌로4길 22-10 (동교동, 1층)",37.557214,126.9278,Korean - 한식,,public_data,https://www.localdata.go.kr/,2026-08-17,hanjoon,true,,450,30.07,422,2016,,서울특별시 마포구 동교동 176-7 1층
,,미소국수,"서울특별시 마포구 동교로27길 41 (연남동, 1층 일부)",37.55968,126.921458,Korean - 한식,,public_data,https://www.localdata.go.kr/,2026-08-17,hanjoon,true,,451,30.0,410,2012,,서울특별시 마포구 연남동 568-23
,,청춘물약,"서울특별시 마포구 동교로39길 4, 1층 가운데호 (연남동)",37.562332,126.92404,Korean - 한식,,public_data,https://www.localdata.go.kr/,2026-08-17,hanjoon,true,,452,30.0,592,2024,,서울특별시 마포구 연남동 255-21
,,서교김밥,"서울특별시 마포구 월드컵북로 41, 1층 104호 (서교동)",37.557943,126.918094,Korean - 한식,,public_data,https://www.localdata.go.kr/,2026-08-17,hanjoon,true,,453,30.0,664,2024,,서울특별시 마포구 서교동 449-35
,,오복수산시장,"서울특별시 마포구 성미산로 195 (연남동, 1층일부)",37.562754,126.926857,Korean - 한식,,public_data,https://www.localdata.go.kr/,2026-08-17,hanjoon,true,,454,30.0,713,2016,,서울특별시 마포구 연남동 226-29 1층일부
,,"육회란 연어다 홍대,서교점","서울특별시 마포구 월드컵북로5길 22, 1층 (서교동)",37.557097,126.917472,Korean - 한식,,public_data,https://www.localdata.go.kr/,2026-08-17,hanjoon,true,,455,30.0,725,2022,,서울특별시 마포구 서교동 449-43
,,전주상회,"서울특별시 마포구 성미산로 195, 106호 (연남동)",37.562754,126.926857,Korean - 한식,,public_data,https://www.localdata.go.kr/,2026-08-17,hanjoon,true,,456,29.3,713,2014,,서울특별시 마포구 연남동 226-29 106호
,,김덕후의곱창조홍대2호점,"서울특별시 마포구 양화로16길 34 (서교동,1층)",37.552873,126.921331,Korean - 한식,,public_data,https://www.localdata.go.kr/,2026-08-17,hanjoon,true,,457,29.0,546,2003,023227852,서울특별시 마포구 서교동 369-41 1층
,,김덕후의곱창조홍대2호점,"서울특별시 마포구 양화로16길 34 (서교동,1층)",37.552873,126.921331,Korean - 한식,,public_data,https://www.localdata.go.kr/,2026-08-17,hanjoon,true,,458,29.0,546,2003,023227852,서울특별시 마포구 서교동 369-41 1층
,,윤수네출출할때2,"서울특별시 마포구 동교로 218 (동교동, 1층)",37.559422,126.923892,Korean - 한식,,public_data,https://www.localdata.go.kr/,2026-08-17,hanjoon,true,,459,28.96,269,2016,,서울특별시 마포구 동교동 152-17 1층
,,마산집식당,"서울특별시 마포구 월드컵북로 41, 1층동 (서교동)",37.557943,126.918094,Korean - 한식,,public_data,https://www.localdata.go.kr/,2026-08-17,hanjoon,true,,460,28.66,664,1984,02-393-1399,서울특별시 마포구 서교동 449-35 1층동
,,코코리코(COCORICO),"서울특별시 마포구 동교로39길 4 (연남동, 1층일부)",37.562332,126.92404,Korean - 한식,,public_data,https://www.localdata.go.kr/,2026-08-17,hanjoon,true,,461,28.52,592,2014,,서울특별시 마포구 연남동 255-21 1층일부
,,윤수,"서울특별시 마포구 연남로 21, 1층 101호 (연남동, 까사벨라)",37.561607,126.922182,Korean - 한식,,public_data,https://www.localdata.go.kr/,2026-08-17,hanjoon,true,,462,28.27,550,2016,,서울특별시 마포구 연남동 515-22 까사벨라 1층101호
,,미쓰 족발,서울특별시 마포구 어울마당로 123-1 (동교동),37.55577,126.923796,Korean - 한식,,public_data,https://www.localdata.go.kr/,2026-08-17,hanjoon,true,,463,27.21,138,1994,02-337-2111,서울특별시 마포구 동교동 164-12
,,비비큐홍대역점,"서울특별시 마포구 연희로 3 (동교동,1층)",37.559114,126.926201,Korean - 한식,,public_data,https://www.localdata.go.kr/,2026-08-17,hanjoon,true,,464,26.7,339,1995,023238977,서울특별시 마포구 동교동 147-4 1층
,,비비큐홍대역점,"서울특별시 마포구 연희로 3 (동교동,1층)",37.559114,126.926201,Korean - 한식,,public_data,https://www.localdata.go.kr/,2026-08-17,hanjoon,true,,465,26.7,339,1995,023238977,서울특별시 마포구 동교동 147-4 1층
,,잔등재 차돌집,"서울특별시 마포구 동교로 234 (동교동, 1층)",37.56075,126.92444,Korean - 한식,,public_data,https://www.localdata.go.kr/,2026-08-17,hanjoon,true,,466,26.65,419,2009,,서울특별시 마포구 동교동 149-15
,,그냥 꽈배기,"서울특별시 마포구 와우산로 151, 1층 일부호 (서교동)",37.554673,126.929751,Korean - 한식,,public_data,https://www.localdata.go.kr/,2026-08-17,hanjoon,true,,467,26.45,689,2026,,서울특별시 마포구 서교동 327-14
,,수상한 베이커리,"서울특별시 마포구 양화로23길 16, 1층 일부호 (동교동)",37.559152,126.925362,Korean - 한식,,public_data,https://www.localdata.go.kr/,2026-08-17,hanjoon,true,,468,26.4,283,2025,,서울특별시 마포구 동교동 147-19
,,풍천장어,"서울특별시 마포구 동교로27길 39 (연남동,1층)",37.559576,126.921564,Korean - 한식,,public_data,https://www.localdata.go.kr/,2026-08-17,hanjoon,true,,469,26.0,394,2004,,서울특별시 마포구 연남동 568-25 1층
,,먹보식당,"서울특별시 마포구 월드컵북로7길 5, 지상1층 (서교동)",37.558282,126.917549,Korean - 한식,,public_data,https://www.localdata.go.kr/,2026-08-17,hanjoon,true,,470,25.8,730,2003,,서울특별시 마포구 서교동 449-3
,,감나무집(1층),"서울특별시 마포구 연남로 25, 1층 (연남동)",37.561875,126.921949,Korean - 한식,,public_data,https://www.localdata.go.kr/,2026-08-17,hanjoon,true,,471,25.35,587,2020,,서울특별시 마포구 연남동 515-19
,,감나무집(1층),"서울특별시 마포구 연남로 25, 1층 (연남동)",37.561875,126.921949,Korean - 한식,,public_data,https://www.localdata.go.kr/,2026-08-17,hanjoon,true,,472,25.35,587,2020,,서울특별시 마포구 연남동 515-19
,,쫑아네,"서울특별시 마포구 양화로 156 (동교동,LG팰리스빌딩 지하 147호)",37.556079,126.92345,Korean - 한식,,public_data,https://www.localdata.go.kr/,2026-08-17,hanjoon,true,,473,24.97,119,2010,,서울특별시 마포구 동교동 165-8 LG팰리스빌딩 지하 147호
,,평안도 상원냉면,"서울특별시 마포구 양화로 156, LG팰리스빌딩 지1층 134호 (동교동)",37.556079,126.92345,Korean - 한식,,public_data,https://www.localdata.go.kr/,2026-08-17,hanjoon,true,,474,24.97,119,2024,,서울특별시 마포구 동교동 165-8 LG팰리스빌딩
,,평안도 상원냉면,"서울특별시 마포구 양화로 156, LG팰리스빌딩 지1층 134호 (동교동)",37.556079,126.92345,Korean - 한식,,public_data,https://www.localdata.go.kr/,2026-08-17,hanjoon,true,,475,24.97,119,2024,,서울특별시 마포구 동교동 165-8 LG팰리스빌딩
,,부산집,"서울특별시 마포구 월드컵북로 18 (동교동, 1층)",37.556574,126.920311,Korean - 한식,,public_data,https://www.localdata.go.kr/,2026-08-17,hanjoon,true,,476,24.57,412,1985,02-336-5523,서울특별시 마포구 동교동 206-1
,,영지인,"서울특별시 마포구 동교로32길 7, 4층 (연남동)",37.560815,126.924744,Korean - 한식,,public_data,https://www.localdata.go.kr/,2026-08-17,hanjoon,true,,477,24.36,431,2022,,서울특별시 마포구 연남동 260-46
,,홍스쭈꾸미 분점,"서울특별시 마포구 어울마당로 146, 2층 일부호 (서교동)",37.556212,126.926101,Korean - 한식,,public_data,https://www.localdata.go.kr/,2026-08-17,hanjoon,true,,478,24.1,249,2026,,서울특별시 마포구 서교동 331-21
,,수상한 연남,"서울특별시 마포구 월드컵북로2길 97, 1층 3호 (동교동)",37.558844,126.925024,Korean - 한식,,public_data,https://www.localdata.go.kr/,2026-08-17,hanjoon,true,,479,24.0,234,2025,,서울특별시 마포구 동교동 154-7
,,자크르,"서울특별시 마포구 와우산로29길 14-25, 1층 우측호 (서교동)",37.555286,126.928978,Korean - 한식,,public_data,https://www.localdata.go.kr/,2026-08-17,hanjoon,true,,480,23.48,584,2021,,서울특별시 마포구 서교동 328-11
,,연남해장국 1호점,"서울특별시 마포구 연희로1길 46-1, 지1층 일부호 (동교동)",37.560823,126.926109,Korean - 한식,,public_data,https://www.localdata.go.kr/,2026-08-17,hanjoon,true,,481,23.14,485,2020,,서울특별시 마포구 동교동 113-19
,,서울냉면,"서울특별시 마포구 와우산로29길 4-13, 지1층 1호 (서교동)",37.555074,126.929405,Korean - 한식,,public_data,https://www.localdata.go.kr/,2026-08-17,hanjoon,true,,482,22.73,637,2024,,서울특별시 마포구 서교동 327-45
,,제육대감,"서울특별시 마포구 와우산로29길 4-13, 지하1층 (서교동)",37.555074,126.929405,Korean - 한식,,public_data,https://www.localdata.go.kr/,2026-08-17,hanjoon,true,,483,22.0,637,2024,,서울특별시 마포구 서교동 327-45
,,양지식당,"서울특별시 마포구 월드컵북로5길 16 (서교동,1층)",37.557223,126.91778,Korean - 한식,,public_data,https://www.localdata.go.kr/,2026-08-17,hanjoon,true,,484,22.0,691,2001,02-325-6304,서울특별시 마포구 서교동 449-39 1층
,,양지식당,"서울특별시 마포구 월드컵북로5길 16 (서교동,1층)",37.557223,126.91778,Korean - 한식,,public_data,https://www.localdata.go.kr/,2026-08-17,hanjoon,true,,485,22.0,691,2001,02-325-6304,서울특별시 마포구 서교동 449-39 1층
,,공차 홍대점,"서울특별시 마포구 어울마당로 114, 1층 (서교동)",37.554827,126.923202,Korean - 한식,,public_data,https://www.localdata.go.kr/,2026-08-17,hanjoon,true,,486,20.0,257,2004,02-324-9938,서울특별시 마포구 서교동 345-13
,,묵은지 찜에 빠지다,"서울특별시 마포구 와우산로29길 4-26, 3층 302호 (서교동)",37.555029,126.929585,Korean - 한식,,public_data,https://www.localdata.go.kr/,2026-08-17,hanjoon,true,,487,20.0,657,2024,,서울특별시 마포구 서교동 327-43
,,칙더보울(CHIK THE BOWL),"서울특별시 마포구 와우산로30길 13, 1층 101호 (창전동)",37.554168,126.929966,Korean - 한식,,public_data,https://www.localdata.go.kr/,2026-08-17,hanjoon,true,,488,20.0,733,2026,,서울특별시 마포구 창전동 5-78
,,돈우국밥 홍대점,"서울특별시 마포구 와우산로29가길 79, 지1층 2호 (서교동)",37.553691,126.92515,Korean - 한식,,public_data,https://www.localdata.go.kr/,2026-08-17,hanjoon,true,,489,19.8,389,2024,,서울특별시 마포구 서교동 343-13
,,한식밥상 홍대점,"서울특별시 마포구 와우산로 137, 2층 2-1호 (서교동)",37.553864,126.928583,Korean - 한식,,public_data,https://www.localdata.go.kr/,2026-08-17,hanjoon,true,,490,19.8,616,2021,,서울특별시 마포구 서교동 337-27
,,한끼한상 홍대점,"서울특별시 마포구 와우산로 137, 2층 2-2호 (서교동)",37.553864,126.928583,Korean - 한식,,public_data,https://www.localdata.go.kr/,2026-08-17,hanjoon,true,,491,19.8,616,2021,,서울특별시 마포구 서교동 337-27
,,한끼한상 홍대점,"서울특별시 마포구 와우산로 137, 2층 2-2호 (서교동)",37.553864,126.928583,Korean - 한식,,public_data,https://www.localdata.go.kr/,2026-08-17,hanjoon,true,,492,19.8,616,2021,,서울특별시 마포구 서교동 337-27
,,호랑이칡냉면(홍대직영점),"서울특별시 마포구 성미산로 190-4, 2층 일부 좌측호 (연남동)",37.562833,126.926045,Korean - 한식,,public_data,https://www.localdata.go.kr/,2026-08-17,hanjoon,true,,493,19.0,686,2024,,서울특별시 마포구 연남동 228-2
,,쓰리따뽀 김밥 연남점,"서울특별시 마포구 동교로 257-1, 1층 (연남동)",37.562898,126.924739,Korean - 한식,,public_data,https://www.localdata.go.kr/,2026-08-17,hanjoon,true,,494,18.05,660,2026,,서울특별시 마포구 연남동 229-55
,,지지고홍익대점,"서울특별시 마포구 와우산로23길 9, 제1층 제108,109,110호 (서교동, 칼리오페)",37.553484,126.924299,Korean - 한식,,public_data,https://www.localdata.go.kr/,2026-08-17,hanjoon,true,,495,16.77,392,2013,,서울특별시 마포구 서교동 344-6
,,지지고홍익대점,"서울특별시 마포구 와우산로23길 9, 제1층 제108,109,110호 (서교동, 칼리오페)",37.553484,126.924299,Korean - 한식,,public_data,https://www.localdata.go.kr/,2026-08-17,hanjoon,true,,496,16.77,392,2013,,서울특별시 마포구 서교동 344-6
,,헤즈업 홍대점,"서울특별시 마포구 잔다리로 7, 3층 (서교동)",37.550576,126.922146,Korean - 한식,,public_data,https://www.localdata.go.kr/,2026-08-17,hanjoon,true,,497,16.5,742,2025,,서울특별시 마포구 서교동 407-26
,,미쉐(MIXUE),"서울특별시 마포구 홍익로3길 35 (서교동,1층)",37.552795,126.921664,Korean - 한식,,public_data,https://www.localdata.go.kr/,2026-08-17,hanjoon,true,,498,16.0,534,2007,,서울특별시 마포구 서교동 365-17 1층
,,담에프앤비,"서울특별시 마포구 와우산로29길 4-26, 3층 302-2호 (서교동)",37.555029,126.929585,Korean - 한식,,public_data,https://www.localdata.go.kr/,2026-08-17,hanjoon,true,,499,15.68,657,2024,,서울특별시 마포구 서교동 327-43
,,곰면옥,"서울특별시 마포구 성미산로 112 (연남동, 1층 일부)",37.562062,126.919576,Korean - 한식,,public_data,https://www.localdata.go.kr/,2026-08-17,hanjoon,true,,500,15.08,746,2012,,서울특별시 마포구 연남동 504-1
,,연화주반 연남,"서울특별시 마포구 연희로1길 38, 4층 (동교동)",37.560589,126.925807,Korean - 한식,,public_data,https://www.localdata.go.kr/,2026-08-17,hanjoon,true,,501,15.0,446,2025,,서울특별시 마포구 동교동 113-24
,,한국밥상 홍대점,"서울특별시 마포구 와우산로 64, 2층 202호 (상수동)",37.550241,126.923286,Korean - 한식,,public_data,https://www.localdata.go.kr/,2026-08-17,hanjoon,true,,502,15.0,754,2026,,서울특별시 마포구 상수동 86-22
,,문숙이미나리식당,"서울특별시 마포구 잔다리로6길 34-5 (서교동, 1층 일부)",37.552106,126.921148,Korean - 한식,,public_data,https://www.localdata.go.kr/,2026-08-17,hanjoon,true,,503,13.99,629,2011,02-322-2827,서울특별시 마포구 서교동 366-14
,,홍대하녹,"서울특별시 마포구 와우산로29바길 18, 지하1층 일부호 (서교동)",37.555706,126.925821,Korean - 한식,,public_data,https://www.localdata.go.kr/,2026-08-17,hanjoon,true,,504,13.42,248,2024,,서울특별시 마포구 서교동 331-8
,,옥수푸드,"서울특별시 마포구 홍익로 10, 101동 지1층 144-2호 (서교동, 서교푸르지오)",37.553794,126.923694,Korean - 한식,,public_data,https://www.localdata.go.kr/,2026-08-17,hanjoon,true,,505,13.3,358,2024,,서울특별시 마포구 서교동 486 서교푸르지오
,,김치찜만 30년,"서울특별시 마포구 동교로27길 27, 2층 (동교동)",37.559169,126.92206,Korean - 한식,,public_data,https://www.localdata.go.kr/,2026-08-17,hanjoon,true,,506,12.28,323,2024,,서울특별시 마포구 동교동 204-11
,,불향 가득 닭발(불가닭),"서울특별시 마포구 동교로27길 27, 2층 (동교동)",37.559169,126.92206,Korean - 한식,,public_data,https://www.localdata.go.kr/,2026-08-17,hanjoon,true,,507,12.28,323,2024,,서울특별시 마포구 동교동 204-11
,,국립 밥물관,"서울특별시 마포구 동교로27길 27, 2층 (동교동)",37.559169,126.92206,Korean - 한식,,public_data,https://www.localdata.go.kr/,2026-08-17,hanjoon,true,,508,12.28,323,2025,,서울특별시 마포구 동교동 204-11
,,30년 불멸의 닭발,"서울특별시 마포구 동교로27길 27, 2층 (동교동)",37.559169,126.92206,Korean - 한식,,public_data,https://www.localdata.go.kr/,2026-08-17,hanjoon,true,,509,12.28,323,2024,,서울특별시 마포구 동교동 204-11
,,공공국밥,"서울특별시 마포구 동교로27길 27, 2층 (동교동)",37.559169,126.92206,Korean - 한식,,public_data,https://www.localdata.go.kr/,2026-08-17,hanjoon,true,,510,12.28,323,2025,,서울특별시 마포구 동교동 204-11
,,두번먹는명인김치찜,"서울특별시 마포구 동교로27길 27, 2층 (동교동)",37.559169,126.92206,Korean - 한식,,public_data,https://www.localdata.go.kr/,2026-08-17,hanjoon,true,,511,12.28,323,2024,,서울특별시 마포구 동교동 204-11
,,홍대푸드,"서울특별시 마포구 와우산로29가길 79, 2층 (서교동)",37.553691,126.92515,Korean - 한식,,public_data,https://www.localdata.go.kr/,2026-08-17,hanjoon,true,,512,10.0,389,2025,,서울특별시 마포구 서교동 343-13
,,인생덮밥,"서울특별시 마포구 와우산로29나길 11, 지1층 103호 (서교동)",37.554679,126.928303,Korean - 한식,,public_data,https://www.localdata.go.kr/,2026-08-17,hanjoon,true,,513,10.0,543,2023,,서울특별시 마포구 서교동 336-22
,,소중한한끼,"서울특별시 마포구 와우산로29나길 11, 지1층 103호 (서교동)",37.554679,126.928303,Korean - 한식,,public_data,https://www.localdata.go.kr/,2026-08-17,hanjoon,true,,514,10.0,543,2023,,서울특별시 마포구 서교동 336-22
,,집밥선생,"서울특별시 마포구 와우산로29나길 11, 지1층 103호 (서교동)",37.554679,126.928303,Korean - 한식,,public_data,https://www.localdata.go.kr/,2026-08-17,hanjoon,true,,515,10.0,543,2023,,서울특별시 마포구 서교동 336-22
,,일단 해보고,"서울특별시 마포구 어울마당로 98-1, 3층 일부호 (서교동)",37.55372,126.922343,Korean - 한식,,public_data,https://www.localdata.go.kr/,2026-08-17,hanjoon,true,,516,8.5,408,2021,,서울특별시 마포구 서교동 358-9
,,덮밥집이야 마포점,"서울특별시 마포구 와우산로29길 30, 1층 일부호 (서교동)",37.555372,126.928411,Korean - 한식,,public_data,https://www.localdata.go.kr/,2026-08-17,hanjoon,true,,517,6.5,522,2022,,서울특별시 마포구 서교동 328-19
,,운영AF&B,"서울특별시 마포구 어울마당로 136-1 (서교동, 1층일부)",37.556043,126.925168,Korean - 한식,,public_data,https://www.localdata.go.kr/,2026-08-17,hanjoon,true,,518,6.0,168,2016,,서울특별시 마포구 서교동 331-14 1층일부
