ingredient_key,alias
soy_sauce,간장
soy_sauce,진간장
soy_sauce,양조간장
soy_sauce,조선간장
soy_sauce,국간장
soy_sauce,맛간장
soy_sauce,왜간장
doenjang,된장
doenjang,재래된장
doenjang,시골된장
gochujang,고추장
gochujang,찹쌀고추장
gochujang,태양초고추장
ssamjang,쌈장
chunjang,춘장
anchovy_sauce,멸치액젓
anchovy_sauce,액젓
anchovy_sauce,까나리액젓
anchovy_sauce,멸치젓
anchovy_sauce,생선액젓
saeujeot,새우젓
saeujeot,새우젓갈
oyster_sauce,굴소스
sesame_oil,참기름
perilla_oil,들기름
vinegar,식초
vinegar,양조식초
vinegar,현미식초
cooking_wine,맛술
cooking_wine,미림
cooking_wine,청주
mayonnaise,마요네즈
ketchup,케첩
ketchup,토마토케첩
mustard_sauce,겨자소스
mustard_sauce,연겨자
gochugaru,고춧가루
gochugaru,고추가루
sugar,설탕
sugar,백설탕
salt,소금
salt,천일염
anchovy_broth,멸치육수
anchovy_broth,멸치다시마육수
anchovy_broth,다시육수
anchovy_broth,멸치다시육수
kelp_broth,다시마육수
kelp_broth,다시마
beef_bone_broth,사골육수
beef_bone_broth,사골국물
beef_bone_broth,사골
chicken_broth,닭육수
chicken_broth,치킨스톡
pork_broth,돼지육수
clam_broth,조개육수
clam_broth,바지락육수
dried_pollock_broth,황태육수
dried_pollock_broth,북어육수
tofu,두부
tofu,부침두부
tofu,찌개두부
sundubu,순두부
sundubu,연두부
soybean_sprout,콩나물
shrimp,새우
shrimp,칵테일새우
shrimp,대하
crab,게
crab,꽃게
squid,오징어
squid,한치
clam,조개
clam,바지락
clam,모시조개
mussel,홍합
oyster,굴
abalone,전복
octopus,문어
webfoot_octopus,쭈꾸미
webfoot_octopus,주꾸미
mackerel,고등어
anchovy,멸치
anchovy,국물용멸치
pollock,명태
pollock,황태
pollock,북어
pollock,동태
fish_cake,어묵
fish_cake,오뎅
fish_cake,사각어묵
egg,계란
egg,달걀
egg,계란물
egg,달걀물
milk,우유
milk,생우유
cheese,치즈
cheese,모짜렐라치즈
cheese,체다치즈
butter,버터
wheat_flour,밀가루
wheat_flour,부침가루
wheat_flour,튀김가루
wheat_noodles,밀국수
wheat_noodles,국수
wheat_noodles,소면
wheat_noodles,칼국수면
wheat_noodles,중화면
buckwheat_noodles,메밀면
buckwheat_noodles,메밀국수
buckwheat_noodles,냉면사리
glass_noodles,당면
ramyeon_noodles,라면사리
ramyeon_noodles,라면
rice,쌀밥
rice,밥
rice,공기밥
rice_cake,떡
rice_cake,가래떡
rice_cake,떡볶이떡
rice_cake,조랭이떡
dumpling,만두
dumpling,만두피
pork,돼지고기
pork,삼겹살
pork,목살
pork,앞다리살
pork,대패삼겹살
pork,항정살
pork,돼지앞다리
beef,소고기
beef,쇠고기
beef,차돌박이
beef,등심
beef,안심
beef,양지
chicken,닭고기
chicken,닭
chicken,닭다리살
chicken,닭가슴살
kimchi,김치
kimchi,배추김치
kimchi,신김치
kimchi,묵은지
white_kimchi,백김치
seaweed_gim,김
seaweed_gim,조미김
pine_nut,잣
walnut,호두
peanut,땅콩
almond,아몬드
sesame_seed,깨
sesame_seed,참깨
sesame_seed,통깨
sesame_seed,깨소금
peach,복숭아
tomato,토마토
potato,감자
sweet_potato,고구마
zucchini,애호박
zucchini,호박
onion,양파
green_onion,대파
green_onion,파
green_onion,쪽파
green_onion,실파
garlic,마늘
garlic,다진마늘
garlic,통마늘
ginger,생강
ginger,다진생강
mushroom,버섯
mushroom,표고버섯
mushroom,느타리버섯
mushroom,팽이버섯
mushroom,새송이버섯
perilla_leaf,깻잎
lettuce,상추
spinach,시금치
carrot,당근
radish,무
radish,무우
cucumber,오이
cabbage,양배추
napa_cabbage,배추
mung_bean_sprout,숙주
mung_bean_sprout,숙주나물
corn,옥수수
rice,흰밥
rice,멥쌀
rice,쌀
brown_rice,현미
glutinous_rice,찹쌀
black_rice,흑미
millet,조
millet,차조
barley,보리
sorghum,수수
red_bean,팥
black_bean,검은콩
cooking_oil,식용유
cooking_oil,대두유
cooking_oil,카놀라유
black_pepper,후춧가루
black_pepper,통후추
black_pepper,후추
black_pepper,후추가루
corn_syrup,물엿
corn_syrup,조청
ginger,생강즙
green_chili,풋고추
green_chili,청양고추
green_chili,청고추
red_chili,홍고추
red_chili,붉은고추
bell_pepper,피망
bell_pepper,청피망
bell_pepper,홍피망
bell_pepper,파프리카
chive,부추
perilla_seed,들깨
perilla_seed,들깨가루
perilla_seed,통들깨
perilla_seed,들깻가루
perilla_seed,깐들깨가루
spinach,시금치나물
soy_sauce,청장
octopus,낙지
anchovy,잔멸치
anchovy,다시멸치
anchovy,국멸치
beef,소잡뼈
beef,우삼겹
pork,돼지고기부속
pork,통삼겹
seaweed_gim,김가루
pear,배
pear,배즙
starch,녹말
starch,녹말가루
starch,감자전분
starch,전분
kale,케일
kale,쌈케일
sprout_greens,새싹채소
sprout_greens,새싹
wood_ear_mushroom,목이버섯
ugeoji,우거지
crown_daisy,쑥갓
burdock,우엉
chwinamul,취나물
bracken,고사리
deodeok,더덕
gondre,곤드레
acorn_jelly,도토리묵
jujube,대추
ginseng,수삼
ginkgo_nut,은행
plum_syrup,매실청
pickled_radish,단무지
river_snail,우렁이
river_snail,우렁살
river_snail,우렁
sundae,순대
flatfish,광어
salmon,연어
mustard_leaf,청겨자
pumpkin_leaf,호박잎
iceberg_lettuce,양상추
radish_sprout,무순
eomnamu,엄나무
eomnamu,엄나무가지
chestnut,밤
fresh_cream,생크림
fresh_cream,휘핑크림
yogurt,요거트
yogurt,요구르트
yogurt,플레인요거트
breadcrumbs,빵가루
soy_milk,두유
curry_powder,카레가루
curry_powder,카레분
canned_ham,통조림햄
canned_ham,스팸
canned_ham,스팸(마일드)
canned_ham,햄
sausage,소시지
bacon,베이컨
fried_tofu,유부
soybean_curd,콩비지
soybean_powder,콩가루
soybean_powder,날콩가루
soybean_powder,볶은콩가루
bonito_flakes,가쓰오부시
bonito_flakes,가다랑어포
bonito_flakes,가쓰오
dipori,디포리
fish_sauce_eo,어간장
fish_sauce_eo,멸치간장
scallop,관자
scallop,패주
scallop,키조개관자
king_clam,키조개
hard_clam,백합
sea_squirt,미더덕
pollack_roe,명란
pollack_roe,명란젓
croaker,민어
flounder,가자미
flounder,가자미살
codfish,대구
seaweed_miyeok,미역
seaweed_miyeok,건미역
seaweed_miyeok,마른미역
seaweed_miyeok,미역마른것
seaweed_miyeok,불린미역
duck,오리고기
duck,오리
lamb,양고기
olive_oil,올리브유
olive_oil,올리브오일
oligosaccharide,올리고당
konjac,곤약
konjac,실곤약
water_parsley,미나리
water_parsley,데친미나리
sweet_pumpkin,단호박
eggplant,가지
broccoli,브로콜리
bok_choy,청경채
bok_choy,청경재
lotus_root,연근
asparagus,아스파라거스
apple,사과
lemon,레몬
lemon,레몬즙
orange,오렌지
pineapple,파인애플
banana,바나나
beet,비트
yuja_syrup,유자청
bay_leaf,월계수잎
basil,바질
basil,바질가루
parsley,파슬리
parsley,파슬리가루
rosemary,로즈마리
hamcho,함초
minari_dried,무말랭이
minari_dried,불린무말랭이
aster,고구마순
mushroom,양송이버섯
mushroom,양송이
mushroom,새송이
mushroom,팽이
mushroom,느타리
mushroom,애느타리버섯
mushroom,애느타리
mushroom,백만송이버섯
mushroom,백일송이
mushroom,마른표고버섯
mushroom,건표고버섯
mushroom,표고버섯기둥
mushroom,표고버섯밑동
mushroom,표고버섯가루
black_pepper,흰후추
black_pepper,흰후춧가루
glutinous_rice,찹쌀가루
rice,쌀가루
rice,불린쌀
rice,쌀뜨물
wheat_flour,강력분
wheat_flour,박력분
wheat_flour,중력분
garlic,마늘다진것
garlic,편마늘
garlic,다진파마늘
ginger,생강청
plum_syrup,매실액
plum_syrup,매실
cooking_wine,정종
cooking_wine,요리술
vinegar,발사믹식초
vinegar,사과식초
sesame_seed,흑임자
sesame_seed,검은깨
sesame_seed,볶은통깨
cooking_oil,튀김기름
cooking_oil,현미유
cooking_oil,포도씨유
sprout_greens,어린잎
sprout_greens,어린잎채소
tomato,방울토마토
tomato,토마토페이스트
tomato,토마토소스
napa_cabbage,얼갈이배추
napa_cabbage,알배추
napa_cabbage,단배추
napa_cabbage,배추잎
rice_cake,떡국떡
shrimp,새우살
shrimp,마른새우
shrimp,보리새우
shrimp,건새우
shrimp,새뱅이
mussel,홍합살
pollock,북어채
pollock,황태채
pollock,코다리
pollock,황태머리
radish,조선무
radish,깐무
onion,깐양파
onion,적양파
green_onion,다진대파
green_onion,다진파
green_onion,깐대파
green_onion,대파뿌리
glass_noodles,불린당면
glass_noodles,잡채용당면
anchovy_sauce,젓갈
beef,우목심
beef,갈비
pork,사태
pork,뼈갈비
chicken,닭정육
chicken,닭뼈
chicken,치킨육수
egg,달걀노른자
egg,달걀흰자
egg,계란노른자
egg,계란흰자
perilla_leaf,깻잎순
cheonggukjang,청국장
cheonggukjang,생청국장
taro,토란
taro,알토란
pea,완두콩
mustard_powder,겨자가루
mustard_powder,겨자
garlic_oil,마늘기름
turmeric,강황가루
dried_chili,마른고추
dried_chili,건고추
dried_chili,베트남건고추
pork,우민찌
pork,돼지머리
pork,머릿고기
pork,다진돼지고기
beef,소불고기
beef,쇠고기양지
beef,다진소고기
beef,양지육
saeujeot,새우젓국
wheat_noodles,우동면
wheat_noodles,생면
doenjang,일본된장
doenjang,일식된장
doenjang,저염된장
doenjang,보리된장
sesame_seed,검정깨
yogurt,플레인요구르트
pineapple,파인애플통조림
bell_pepper,노란파프리카
bell_pepper,빨간파프리카
bell_pepper,붉은파프리카
bell_pepper,파프리카가루
broccoli,브로컬리
green_chili,고추
green_chili,아삭이고추
chive,영양부추
gochugaru,굵은고춧가루
gochugaru,고운고춧가루
perilla_seed,거피한들깨가루
water_parsley,참나물
pork_trotter,족발
pork_trotter,앞다리족발
pork_trotter,뒷다리족발
pork_trotter,불족발
pork_backbone,돼지등뼈
pork_backbone,등뼈
pork_backbone,목뼈
young_radish,열무
imitation_crab,게맛살
imitation_crab,크래미
saury,꽁치
hairtail,갈치
tuna,참치
croaker_jogi,조기
soybean,콩
soybean,메주콩
soybean,흰콩
mung_bean,녹두
beef_tripe,양
jellyfish,해파리
bellflower_root,도라지
bamboo_shoot,죽순
mustard_greens,갓
chili_thread,실고추
honey,꿀
chicory,치커리
wild_chive,달래
mugwort,쑥
celery,샐러리
celery,셀러리
cinnamon,계핏가루
cinnamon,계피가루
mungbean_jelly,청포묵
seasoning_mix,청정원맛선생
seasoning_mix,조미료
seasoning_mix,맛선생
pork,돼기고기
pork,돼지갈비
pork,다짐육
beef,양지머리
beef,도가니
beef,쇠고기육수
buckwheat_noodles,냉면
wheat_noodles,칼국수
anchovy_broth,다시물
anchovy_broth,멸칫국물
anchovy_broth,다시국물
mushroom,석이버섯
mushroom,말린표고버섯
mushroom,건표고
cooking_wine,술
onion,양파즙
napa_cabbage,배춧잎
napa_cabbage,동치미무
sugar,황설탕
sugar,흑설탕
rice,찬밥
mustard_sauce,머스터드
mustard_sauce,초고추장
clam,조갯살
pollock,생태
pine_nut,잣가루
kimchi,김칫국물
kimchi,동치미국물
gopchang,곱창
gopchang,대창
gopchang,막창
cuttlefish,갑오징어
spring_cabbage,봄동
red_lettuce,꽃상추
red_lettuce,적상추
imitation_crab,맛살
anchovy_sauce,액체육젓
anchovy_sauce,육젓
anchovy_broth,멸치다시물
wheat_noodles,쫄면
wheat_noodles,쫄면사리
mushroom,송이버섯
flying_fish_roe,날치알
flying_fish_roe,날치
yukjeon,육전
yukjeon,소고기전
